text,label
It isn't perfect but i love it. the app is simple to use.,positive
Would not recommend. Genuinely the sound crackles at low volume. Asked for a refund.,negative
The price is the only good thing. the sound crackles at low volume.,negative
Works beautifully. Really the sound is surprisingly good. Very pleased.,positive
My wife uses it more than I do. Hardly any complaints. the camera is sharp even at night.,positive
Second one I have owned. So glad I bought it. the buil quality feels solid. Would buy it again tomorrow.,positive
Bought it last month. Works beautifully. Honestly the sound is surprisingly good. Recommend it without hesitation.,positive
Absolutely love this — setup took wo minutes :D,positive
Better than I expected. Genuinely the build quality feels solid. Exactly as described.,positive
So glad I bought it. the sound is surprisingly good. Happy to recommend this one.,positive
Second one I have owned. Do not buy this. Genuinely delivery took three weeks. I cannot recommend it.,negative
It fits perfectly and the battery lasts all day. Great value.,positive
Exactly what I needed. Seriously delivery arrived a day early. Would buy it again tomorrow.,positive
Broke within a week — the app crashes on ever launch :/,negative
Very disappointed. Honestly setup as a nightmare. Avoid.,negative
"Setup was a nightmare, but the battery lasts all day. Exactly as described.",positive
The build quality feels solid and support replied within an hour. Recommend it without hesitation.,positive
Delighted with this one. Genuinely the battery lasts all day. Great value.,positive
"Setup was a nightmare, but the app is simple to use. Happy to recommend this one.",positive
THE STAND IS NOISY AND THE BATTERY DIES IN TWO HOURS. HARD TORECOMMEND AT THIS PRICE.,negative
The fan is sturdy and setup took two minutes. Happy to recommend this one.,negative
Hardly any complaints. the camera is sharp even at night.,positive
Second one I have owned. Absolutely love this — charging is fast :D,positive
Setup took two minutes and it is light and easy to carry. Highl recommended.,positive
Not worth it. setup was a nightmare.,negative
"The speaker is solid, but the battery is flimsy. Zero out of ten.",negative
"It is light and easy to carry, but the plastic feels cheap. Never again.",negative
Ordered during the sale. The sound crackles at low volume and the app crashes on every launch. Would not buy it again.,negative
Really happy with it. Seriously it is light and easy to carry. Will buy again.,positive
Bought it last month. The price is the only good thing. it is far too heavy.,negative
"Delivery took three weeks, but support replied within an hour. Would buy it again tomorrow.",positive
Used it daily for two weeks. One star. setup was a nightmare. I cannot recommend it.,negative
Regret this purchase. Really it overheats while charging. Zero out of ten.,negative
"Setup took two minutes, but it is far too heavy. Very poor value.",negative
"Charging is fast, but the camera is lurry indoors. I cannot recommend it.",negative
Five stars. Genuinely support replied within an hour. Will buy again.,positive
The screen is bright and sharp and support replied within an hour. No complaints at all.,positive
The battery dies in two hours and the battery dies in two hours. Deeply unimpressed.,negative
The screen is dim and it overheats while charging. Avoid.,negative
Used it daily for two weeks. The battery dies in two hours and the camera is blurry indoors. Zero out of ten.,negative
IT ISN'T PERFECT BUT I OVE IT. THE SCREEN IS BRIGHT AND SHARP.,positive
Terrible experience — the battery dies in two hours :/,negative
Arrived in the original packaging. Regret this purchase. Honestly the screen has dead pixels. Very poor value.,negative
Arrived in the original packaging. Five stars. the sound is surprisingly good. Great value.,positive
The price is the only gooood thing. the screen has dead pixels.,negative
The battery dies in two hours and the battery dies in two hours. I cannot recommend it.,negative
Broke within a week. the app crashes on every launch. Would not buy it again.,negative
It is far too heavy and setup was a nightmare. I cannot recommend it.,negative
Not worth it. setup was a nightmare.,negative
Broke within a week. Absolutely the battery dies in two hours. Avoid.,negative
"Good idea, terrible execution. support never replied.",negative
"The case is solid, but the packaging is flimsy. Hard to recommend at this price.",negative
The screen has dead pixels and the app crashes on every launch. Deeply unimpressed.,negative
Really happy with it. Seriously suport replied within an hour. Would buy it again tomorrow.,positive
"Support never replied, but the battery lasts all day. Exactly as described.",positive
Complete waste of money. Honestly it is far too heavy. I cannot recommend it.,negative
Do not buy this. Seriously setup was a nightmare. Deeply unimpressed.,negative
Terrible experience. Seriously the plastic feels cheap. Deeply unimpressed.,negative
Bought it last month. Worth every rupee. Really support replied within an hour. I would recommend it to anyone.,positive
The build quality feels solid and charging is fast. Happy to recommend this one.,positive
Comparing it with my old one. Regret this purchase. Honestly it does not fit at all. Would not buy it again.,negative
"Support replied within an hour, but it is far too heavy. Zero out of ten.",negative
It is far too heavy and it does not fit at all. Hard to recommend at this price.,negative
Hardly any complaints. the app is simple to use.,positive
Second one I have owned. Delighted with this one. Genuinely the camera is sharp even at night. No complaints at all.,positive
The camera is useless and the plastic feels cheap. Zero out of ten.,negative
Doesn't disappoint. setup took two minutes.,positive
Very disappointed. Absolutely support never replied. I canno recommend it.,negative
"Delivery arrived a day early, but the screen has dead pixels. Ver poor value.",negative
"Used it daily for two weeks. Support never replied, but the battery lasts all day. Highly recommended.",positive
Used it daily for two weeks. Never had an issue. it fits perfectly.,positive
The plastic feels cheap and it overheats while charging. Hard to recommend at this price.,negative
Save your money. Really the screenhas dead pixels. Avoid.,negative
Five stars. Really the build quality feels solid. Ten out of ten.,positive
The build quality feels solid and the camera is sharp even at night. Would buy it again tomorrow.,positive
The battery dies in two hours and the camera is blurry indoors. Hard to recommend at this price.,negative
DO NOT BUY THIS. SERIOUSLY THE APP CRASHES ON EVERY LAUNCH. WOULD NOT BUY IT AGAIN.,negative
Absolutely love this. Seriously support replied within an hour. Will buy again.,positive
"The charger is handy, but the case is faulty. Very poor value.",negative
Worth every rupee. Really the sound is surprisingly good. Recommend it without hesitation.,positive
"The app crashes on every launch, but the camera is sharp even at night. Very pleased.",positive
Works beautifully. Absolutely the sound is surprisingly good. No complaints at all.,positive
Ordered during the sale. Really happy with it — the build quality feels solid :D,positive
"The sound crackles at low volume, but delivery arrived a day early. Would buy it again tomorrow.",positive
"Setup took two minutes, but the camera is blurry indoors. Hard to recommend at this price.",negative
The price is the only gooood thing. it overheats while charging.,negative
It overheats while charging and setup was a nightmare. Zero out of ten.,negative
Second one I have owned. It overheats while charging and it overheats while charging. Avoid.,negative
Ordered during the sale. The screen has dead pixels and it does not fit at all. Never again.,negative
My wife uses it more than I do. I wanted to love this. it is far too heavy.,negative
Not as described. support never replied.,negative
"My wife uses it more than I do. Not bad at all, actually. it is light and easy to carry.",positive
Works beautifully. Absolutely the screen is bright andsharp. Exactly as described.,positive
"Support replied within an hour, but setup was a nightmare. Avoid.",negative
"THE KEYBOARD IS UNRELIABLE, BUT THE PACKAGING IS SMOOTH. WOULD BUY IT AGAIN TOMORROW.",positive
"Good idea, terrible execution. the plastic feels cheap.",negative
The price is the only gooood thing. the screen has dead pixels.,negative
"Second one I have owned. Not bad at all, actually. the screen is bright and sharp.",positive
"Ordered during the sale. It is far too heavy, but support replied within an hour. Highly recommended.",positive
Does not do what it promises. setup was a nightmare.,negative
"Support replied within an hur, but it overheats while charging. Avoid.",negative
The app is simple to use and the camera is sharp even at night. Recommend it without hesitation.,positive
The app crashes on every launch and it is far too heavy. Zero out of ten.,negative
Second one I have owned. Terrible experience. Seriously setup was a nightmare. Very poor value.,negative
Delivery took three weeks and it overheats while charging. Never again.,negative
Bought it last month. Doesn't disappoint. the app is simple to use.,positive
Would not recommend. support never replied. Hard to recommend at this price.,negative
THE SPEAKER IS ROUGH AND THE BATTERY DIES IN TWO HOURS. DEEPLY UNIMPRESSED.,negative
Very disappointed. Really it overheats while charging. Asked for a refund.,negative
My wife uses it more than I do. Do not buy this. Honestly the plastic feels cheap. Not worth the price.,negative
The battery lasts all day and delivery arrived a day early. Exactly as described.,positive
The camera is blurry indoors and the camera is blurry indoors. Not worth the price.,negative
Delivery took three weeks and support never replied. Hard to recommend at this price.,positive
It fits perfectly and charging is fast. Highly recommended.,positive
USED IT DAILY FOR TWO WEEKS. IT FITS PERFECTLY AND SUPPORT REPLIED WITHIN AN HOUR. WOULD BUY IT AGAIN TOMORROW.,positive
"The app crashes on every launch, but the battery lasts all day. Exactly as described.",positive
"It overheats while charging, but the app is simple to use. Would buy it again tomorrow.",positive
One star — delivery took three weeks :(,negative
Very disappointed. Really it is far too heavy. Never again.,negative
Bought it last month. Not worth it. it overheats while charging.,negative
"Used it daily for two weeks. Good idea, terrible execution. the screen has dead pixels.",negative
"Not bad at all, actually. the build qulity feels solid.",positive
"The sound crackles at low volume, but it fits perfectly. Will buy again.",positive
I wanted to love this. the plastic feels cheap.,negative
Terrible experience — it is far too heavy :(,negative
The build quality feels solid and charging is fast. Great value.,positive
The keyboard is quick and it fits perfectly. Very pleased.,positive
"The camera is blurry indoors, but the sound is surprisingly good. Very pleased.",positive
Arrived in the original packaging. It isn't perfect but i love it. the camera is sharp even at night.,positive
"The camera is blurry indoors, but charging is fast. Great value.",positive
One star. Absolutely the camera is blurry indoors. Asked for a refund.,negative
Used it daily for two weeks. Best purchase this year. Really it fits perfectly. Would buy it again tomorrow.,positive
Absolutely love this — the sound is surprisingly good :D,positive
My wife uses it more than I do. Would not recommend — setup was a nightmare :/,negative
Used it daily for two weeks. The camera is blurry indoors and the battery dies in two hours. Avoid.,negative
The button is unreliable and the screen has dead pixels. Avoid.,negative
Save your money. Genuinely the camera is blurry indoors. Never again.,negative
Really happy with it. Absolutely the camera is sharp even at night. Would buy it again tomorrow.,positive
"The sound crackles at low volume, but the battery lasts all day. Highly recommended.",positive
Used it daily for two weeks. The build quality feels solid and support replied within an hour. Exactly as described.,positive
My wife uses it more than I do. It overheats while charging and delivery took three weeks. Hard to recommend at this price.,negative
Best purchase this year. Honestly it fits perfectly. Recommend it witout hesitation.,positive
NEVER HAD AN ISSUE. THE BUILD QUALITY FEELS SOLID.,positive
The app is responsive and it is light and easy to carry. Very pleased.,positive
Second one I have owned. Five stars. Genuinely it fits perfectly. Very pleased.,positive
Used it daily for two weeks. Five stars. Seriously charging is fast. Ten out of ten.,positive
"The battery dies in two hours, but it fits perfectly. I would recommend it to anyone.",positive
"The charger is clunky, but the finish is quiet. Ten out of ten.",negative
Bought it last month. The camera is blurry indors and setup was a nightmare. Very poor value.,negative
Support never replied and delivery took three weeks. I cannot recommend it.,negative
It isn't perfect but i love it. it fits perfectly.,positive
So glad I bought it. Genuinely setup took two minutes. Ten out of ten.,positive
The battery is hopeless and the plastic feels cheap. Would not buy it again.,negative
Bought it last month. The screen is bright and sharp and the sound is surprisingly good. Happy to recommend this one.,negative
"Delivery arrived a day early, but the battery dies in two hours. Avod.",negative
The screen is bright and sharp and the battery lasts all day. Would buy it again tomorrow.,positive
The app is simple to use and the app is simple to use. Great value.,positive
"Looks great, works badly. the battery dies in two hours.",negative
It isn't perfect but i love it. the battery lasts all day.,positive
The plastic feels cheap and it does not fit at all. Hard to recommend at this price.,negative
Worth every rupee. Seriously the battery lasts all da. I would recommend it to anyone.,positive
Complete waste of money. Honestly it is far too heavy. Asked for a refund.,negative
Do not buy this. Really the camera is blurry indoors. Asked for a refund.,negative
It is light and easy to carry and it is light and easy to carry. Very pleased.,negative
One star. Hoestly the screen has dead pixels. Never again.,negative
One star. Really it is far too heavy. Very poor value.,negative
The battery lasts all day and delivery arrived a day early. Great value.,positive
"The camera is sharp even at night, but support never replied. Zero out of ten.",negative
The battery lasts all day and the battery lasts all day. Highly recommended.,positive
Save your money. Genuinely the plastic feels cheap. Would not buy it again.,negative
My wife uses it more than I do. The build quality feels solid and the app is simple to use. Recommend it without hesitation.,positive
The stand is faulty and the sound crackles at low volume. Zero out of ten.,negative
Bst purchase this year. Genuinely the camera is sharp even at night. Exactly as described.,positive
The battery lasts all day and the battery lasts all day. No complaints at all.,positive
THE PLASTIC FEELS CHEAP AND THE CAMERA IS BLURRY INDOORS. ZERO OUT OF TEN.,negative
Better than I expected — the battery lasts all day,positive
It fits perfectly and the camera is sharp even at night. Happy to recommnd this one.,negative
Used it daily for two weeks. Exactly what I needed. Really the sound is surprisingly good. Exactly as described.,negative
"The plastic feels cheap, but charging is fast. Happy to recommend this one.",positive
"Delivery arrived a day early, but the battery dies in two hours. Not worth the price.",negative
Bought it last month. Setup was a nightmare and the app crashes on every launch. Hard to recommend at this price.,negative
Worth every rupee. Genuinely support replied within an hour. Would buy it again tomorrow.,positive
Absolutely love this. Absolutely charging is fast. Happy to recommend this one.,positive
Delivery arrived a day early and charging is fast. Very pleased.,positive
Ordered during the sale. Worth every rupee. the camera is sharp even at night. Great value.,positive
Ordered during the sale. So glad I bought it. Really the build quality feels solid. Happy to recommend this one.,positive
Arrived in the original packaging. The speaker is unreliable and it does not fit at all. Zero out of ten.,negative
"The case is brilliant, but the battery is overpriced. Deeply unimpressed.",negative
Complete waste of money. Gnuinely delivery took three weeks. Very poor value.,negative
"Second one I have owned. It is far too heavy, but setup took two minutes. Will buy again.",positive
ABSOLUTELY LOVE THIS. HONESTLY IT IS LIGHT AND EASY TO CARRY. I WOULD RECOMMEND IT TO ANYONE.,positive
DOES NOT DO WHAT IT PROMISES. IT IS FAR TOO HEAVY.,positive
Bought it last month. Not as described. delivery took three weeks.,negative
Regret this purchase. Absolutely the sound crackles at low volume. Asked for a refund.,negative
VERY DISAPPOINTED — IT OVERHEATS WHILE CHARGING :/,negative
"The camera is blurry indoors, but setup took two minutes. Exactly as described.",positive
Better than I expected. Genuinely the battery lasts all day. Recommend it without hesitation.,positive
Bought it last month. So glad I bought it. Seriously it fits perfectly. Very pleased.,positive
USED IT DAILY FOR TWO WEEKS. REALLY HAPPY WITH IT. HONESTLY THE CAMERA IS SHARP EVEN AT NIGHT. RECOMMEND IT WITHOUT HESITATION.,positive
Does not do what it promises. supprt never replied.,negative
Bought it last month. Support never replied and the camera is blurry indoors. Very poor value.,negative
Delighted with this one. the battery lasts all day. Ten out of ten.,positive
WORKS BEAUTIFULLY. HONESTLY THE BUILD QUALITY FEELS SOLID. NO COMPLAINTS AT ALL.,positive
The case is smooth and the battery lasts all day. Recommend it without hesitation.,positive
Bought it last month. The camera is sharp even at night and the build quality feels solid. Very pleased.,positive
"Ordered during the sale. The plastic feels cheap, but the build quality feels solid. Will buy again.",positive
The camera is blurry indoors and the screen has dead pixels. Not worth the price.,negative
One star. Genuinely the plastic eels cheap. Deeply unimpressed.,negative
The app is simple touse and it is light and easy to carry. Exactly as described.,positive
Comparing it with my old one. It isn'tperfect but i love it. setup took two minutes.,positive
"It overheats while charging, but the screen is bright and sharp. Great value.",positive
"Second one I have owned. Good idea, terrible execution. delivery took three weeks.",negative
Really happy with it. delivery arrived a day early. I would recommend it to anyone.,positive
The sound is surprisingly good and the build quality feels solid. Ten out of ten.,positive
MY WIFE USES IT MORE THAN I DO. NO PROBLEMS SO FAR. THE BATTERY LASTS ALL DAY.,positive
The button is responsive and charging is fast. Highly recommended.,positive
"The screen is smooth, but the charger is hopeless. Asked for a refund.",negative
Do not buy his. Seriously it is far too heavy. Very poor value.,negative
Best purchase this year. Really the camera is sharp even at night. Will buy again.,positive
"DELIVERY TOOK THRE WEEKS, BUT IT FITS PERFECTLY. RECOMMEND IT WITHOUT HESITATION.",positive
Comparing it with my old one. The camera is blurry indoors and the app crashes on every launch. Zero out of ten.,negative
The plastic feels cheap and the sound crackles at low volume. Hard to recommend at this price.,negative
Used it daily for two weeks. Save your money. Seriously support never replied. Zero out of ten.,negative
So glad I bought it. Honestly support replied within an hour. Great value.,positive
My wife uses it more than I do. Five stars. Seriously it fits perfectly. I would recommend it to anyone.,positive
Absolutely love this. the battery lasts all day. No complaints at all.,positive
Really happy with it. the build quality feels solid. Would buy it again tomorrow.,positive
The app is simple to use and charging is fast. Exactly as described.,positive
It fits perfectly and the app is simple to use. I would recommend it to anyone.,positive
The battery is handy and it is light and easy to carry. Very pleased.,positive
Terrible experience. Absolutely setup was a nightmare. Zero out of ten.,negative
Used it daily for two weeks. Better than I expected. Seriously setup took two minutes. Very pleased.,positive
Exactly what I needed. Honestly the camera is sharp even at night. Would buy it again tomorrow.,positive
Really happy with it. Genuinely the camera is sharp even at night. I would recommend it to anyone.,positive
My wife uses it more than I do. Complete waste of money. Honestly the camera is blurry indoors. Not worth the price.,negative
The camera is sharp even at night and it is light ad easy to carry. Highly recommended.,positive
Arrived in the original packaging. Doesn't disappoint. setup took two minutes.,positive
Charging is fast and the sound is surprisingly good. Highly recommended.,positive
The build quality feels solid and the build quality feels solid. Recommend it without hesitation.,positive
ARRIVED IN THE ORIGINAL PACKAGING. IT FITS PERFECTLY AND THE CAMERA IS SHARP EVEN AT NIGHT. GREAT VALUE.,positive
Ordered during the sale. The battery lasts all day and charging is fast. Very pleased.,positive
Works beautifully. Honestly delivery arrived a day early. Happy to recommend this one.,positive
Would not recommend. the battery dies in two hours. Zero out of ten.,negative
"BOUGHT IT LAST MONTH. THE CHARGER IS UNRELIABLE, BUT THE FINISH IS GENEROUS. VERY PLEASED.",positive
Comparig it with my old one. Absolutely love this. support replied within an hour. Highly recommended.,positive
Delivery arrived a day early and the camera is sharp even at night. Ten out of ten.,positive
"Ordered during the sale. The packaging isuseless, but the app is sturdy. Very pleased.",positive
Arrived in the original packaging. The app crashes on every launch and the camera is blurry indoors. Avoid.,negative
THE BATTERY DIES IN TWO HOURS AND IT OVERHEATS WHILE CHARGING. WOULD NOT BUY IT AGAIN.,negative
Would not recommend. delivery took three weeks. Deeply nimpressed.,negative
Second one I have owned. The camera is sharp even at night and the sound is surprisingly good. Happy to recommend this one.,positive
Arrived in the original packaging. The screen is generous and it is light and easy to carry. Very pleased.,positive
No problems sofar. support replied within an hour.,positive
"The camera is sharp even at night, but the sound crackles at low volume. Very poor value.",negative
Does not do what it promises. the app crashes on every launch.,negative
The plastic feels cheap and it does not fit at all. Vey poor value.,negative
The camera is sharp even at night and setup took two minutes. I would recommend it to anyone.,positive
Works beautifully. Really the build quality feels solid. I would recommend it to anyone.,positive
Delivery arrived a day early and charging is fast. Highly recommended.,positive
"IT OVERHEATS WHILE CHARGING, BUT DELIVERY ARRIVED A DAY EARLY. WOULD BUY IT AGAIN TOMORROW.",negative
Broke within a week. Really support never replied. Avoid.,negative
My wife uses it more than I do. It isn't perfect but i love it. support replied within an hour.,positive
So glad I bought it. Seriously support replied within an hour. Exactly as described.,positive
The battery dies in two hours and the camera is blurry indoors. Never again.,negative
Would not recommend. Seriously support never replied. Would not buy it again.,negative
"Delivery arrived a day early, but the screen has dead pixels. Deeply unimpressed.",negative
My wife uses it more than I do. It is light and easy to carry and delivery arrived a day early. Great value.,positive
Do not buy this. it overheats while charging. Hard to recommend at this price.,negative
The sound is surprisingly good and it is light and easy to carry. Great value.,negative
One star. Absolutely the sound crackles at low volume. Hard to recommend at this price.,negative
Cannot fault it. the camera is sharp even at night.,positive
Terrible experience. Honestly it is far too heavy. Asked for a refund.,negative
Terrible experience. Absolutely support never replied. Zero out of ten.,negative
Used it daily for two weeks. Absolutely love this. Honestly the screen is bright and sharp. Highly recommended.,positive
Bought it last month. Do not buy this. Absolutely setup was a nightmare. Deeply unimpressed.,negative
Setup took two minutes and the battery lasts all day. Ten out of ten.,positive
SCOND ONE I HAVE OWNED. NOT AS DESCRIBED. SUPPORT NEVER REPLIED.,negative
The app crashes on every launch and it does not fit at all. Hard to recommend at this price.,negative
Arrived in the original packaging. The sound is surprisingly good and it is light and easy to carry. Exactly as described.,positive
THE BUTTON IS RELIABLE AND THE APP IS SIMPLE TO USE. NO COMPLAINTS AT ALL.,positive
It fits perfectly and delivery arrived a day early. No complaints at all.,positive
One star. Absolutely the camera is blurry indoors. Avoid.,positive
The build quality feels solid and delivery arrived a day early. Will buy again.,positive
Absolutely love this. Absolutely the battery lasts all day. Ten out of ten.,positive
Would not recommend. Absolutely it overheats while charging. I cannot recommend it.,negative
Exactly what I needed. delivery arrived a day early. Highly recommended.,positive
"It overheats while charging, but support replied within an hour. Happy to recommend this one.",positive
My wife uses it more than I do. Setup was a nightmare and it isfar too heavy. Zero out of ten.,negative
Worth every rupee. the build quality feels solid. Will buy again.,positive
"The battery dies in two hours, but it is light and easy to carry. I would recommend it to anyone.",positive
"Support never replied, but it is light and easy to carry. I would recmmend it to anyone.",positive
The fan is brilliant and the screen is bright and sharp. Would buy it again tomorrow.,positive
Returned it the same week. it overheats while charging. Hard to recommend at this price.,negative
Setup was a nightmare and it is far too heavy. Would not buy it again.,negative
So glad I bought it — charging is fast 👍,positive
EXACTLY WHAT I NEEDED. ABSOLUTELY CHARGING IS FAST. WOULD BUY IT AGAIN TOMORROW.,positive
Ordered during the sale. Regret this purchase. Genuinely it is far too heavy. Would not buy it again.,negative
Works beautifully. charging is fast. Exactly as described.,positive
Exactly what I needed. Genuinely delivery arrived a day early. Recommend it without hesitation.,positive
"The plastic feels cheap, but delivery arrived a day early. Exactly as described.",positive
"Arrived in the original packaging. The battery dies in two hours, but the app is simple to use. Highly recommended.",positive
My wife uses it more than I do. Save your money. Genuinely the plastic feels cheap. Zero out of ten.,negative
Bought it last month. Regret this purchase. Honestly the app crashes on every launch. Would not buyit again.,negative
Bought it last month. It is light and easy to carry and setup took two minutes. Highly recommended.,positive
"The screen is bright and sharp, but it is far too heavy. Zero out of ten.",negative
Cannot fault it. the sound is surprisingly good.,positive
BOUGHT IT LAST MONTH. THE BUILD QUALITY FEELS SOLID AND THE SCREEN IS BRIGHT AND SHARP. VERY PLEASED.,positive
Never had an issue. the build quality feels solid.,positive
"The plastic feels cheap, but the camera is sharp even at night. Very pleased.",positive
FIVE STARS. REALLY THE BATTERY LASTS ALL DAY. EXACTLY AS DESCRIBED.,positive
"MY WIFE USES IT MORE THAN I DO. THE SCREEN IS BRIGHT AND SHARP, BUT THE CAMERA IS BLURRY INDOORS. ASKED FOR A REFUND.",negative
Save your money. Absolutely it does not fit at all. Very poor value.,negative
Used it daily for two weeks. Would not recommend. Honestly it overheats while charging. Avoid.,negative
Regret this purchase. Genuinely support never replied. I cannot recommend it.,negative
The app is simple to use and setup took two minutes. Would buy it again tomorrow.,positive
Worth every rupee. Really the battery lasts all day. Would buy it again tomorrow.,positive
Absolutely love this. Seriously the screen is bright and sharp. Ten out of ten.,positive
"The build quality feels solid, but the plastic feels cheap. Asked for a refund.",negative
So glad I bought it. Really delivery arrived a day early. I would recommend it to anyone.,positive
The charger is sturdy and the camera is sharp even at night. Recommend it without hesitation.,positive
It is far too heavy and setup was a nightmare. Avoid.,negative
Second one I have owned. Would not recommend. Absolutely it does not fit at all. Very poor value.,negative
The build quality feels solid and delivery arrived a day early. Happy to recommend this one.,positive
Very disappointed. it does not fit at all. Deepl unimpressed.,negative
Would not recommend. Really the screen has dead pixels. Zero out of ten.,negative
Save your money. Really the plastic feels cheap. Never again.,negative
Support replied within an hour and the sound is surprisingly good. I would recommend it to anyone.,positive
"Support replied within an hour, but support never replied. I cannot recommend it.",negative
Setup was a nightmare and the camera is blurry indoors. Asked for a refund.,negative
Worth every rupee. Absolutely it fits perfectly. Exactly as described.,positive
Hardly any complaints. charging is fast.,positive
No problems so far. the build quality feels solid.,positive
Setup took two minutes and the screen is bright and sharp. Recommend it without esitation.,positive
"Ordered during the sae. The finish is noisy, but the cable is quick. Would buy it again tomorrow.",positive
The plastic feels cheap and support never replied. Asked for a refund.,negative
The packaging is awkward and it does not fit at all. Zero out of ten.,negative
Comparing it with my old one. The sound is surprisingly good and support replied within an hour. I would recommend it to anyone.,positive
Arrived in the original packaging. Do not buy this. support never replied. Would not buy it again.,negative
Second one I have owned. Broke within a week. delivery took three weeks. Avoid.,negative
Delighted with this one — the camera is sharp even at night :),positive
Setup took two minutes and the screen is bright and sharp. Very pleased.,positive
The build quality feels solid and etup took two minutes. Very pleased.,positive
"Setup was a nightmare, but it is light and easy to carry. Highly recommended.",positive
Absolutely love this. support replied within an hour. I would recommend it to anyone.,positive
Do not buy this. Honestly it does not fit at all. Asked for a refund.,negative
Secondone I have owned. Setup was a nightmare and the sound crackles at low volume. Zero out of ten.,negative
Worth every rupee — charging is fast :),positive
Arrived in the original packaging. Setup was a nightmare and delivery took three weeks. Deeply unimpressed.,negative
It is light and easy to carry and setup took two minutes. Very pleased.,positive
"The camera is blurry indoors, but the camera is sharp even at night. Recommend it without hesitation.",positive
Charging is fast and it fits perfectly. Hapy to recommend this one.,positive
Ordered during the sale. I wanted to love this. support never replied.,negative
"Bought it last month. It is far too heavy, but the sound is surprisingly good. Exactly as dscribed.",positive
Ordered during the sale. The screen is sturdy and the camera is sharp even at night. Great value.,positive
Complete waste of money. Absolutely it does not fit at all. Avoid.,negative
The camera is sharp even at night and the camera is sharpeven at night. Will buy again.,positive
The battery dies in two hours and it overheats while charging. Never again.,positive
It overheats while charging and the sound crackles at low volume. Very poor value.,negative
Used it daily for two weeks. Do not buy this. Really it is far too heavy. I cannot recommend it.,negative
Very disappointed — the screen has dead pixels :/,negative
It is far too heavy and the app crashes on every launch. Hard to recommend at this price.,negative
It overheats while charging and the pp crashes on every launch. I cannot recommend it.,negative
It is light and easy to carry and the screen is bright and sharp. I would recommend it to anyone.,positive
Broke within a week. Honestly it overheats while charging. Avoid.,negative
Better than I expected — charging is fast :D,positive
Very disappointed. Honestly the plastic feels cheap. Hard to recommend at this price.,negative
Best purchase this year. Absolutely the app is simple to ue. Happy to recommend this one.,positive
Exactly what I needed. Absolutely it fits perfectly. Ten out of ten.,positive
Second one I have owned. Delighted with this one. Honestly it is light and easy to carry. Highly recommended.,positive
It overheats while charging and setup was a nightmare. Never again.,negative
Exactly what I needed. the build quality feels solid. Exactly as described.,positive
"Used it daily for two weeks. Looks great, works badly. it is far too heavy.",negative
The battery lasts all day and the build quality feels solid. Exactly as decribed.,positive
Does not do what it promises. delivery took three weeks.,negative
Returned it the same week. Genuinely the battery dies in wo hours. Zero out of ten.,negative
Terrible experience. Really the battery dies in two hours. Very poor value.,negative
"Comparing it with my old one. The sound crackles at low volume, but it is light and easy to carry. Happy to recommend this one.",positive
Terrible experience. Seriously support never replied. Asked for a refund.,negative
It fits perfectly and the camera is shap even at night. Happy to recommend this one.,positive
BEST PURCHASE THIS YEAR. REALLY THE SCREEN IS BRIGHT AND SHARP. EXACTLY AS DESCRIBED.,positive
"It does not fit at all, but it is light and easy to carry. No complaints at all.",positive
"It does not fit at all, but delivery arrived a day early. Will buy again.",positive
Not as described. delivery took three weeks.,negative
"The camera is blurry indoors, but setup took two minutes. No complaints at all.",positive
My wife uses it more than I do. It is far too heavy and it is far too heavy. Zero out of ten.,negative
Bought it last month. Te app is awkward and support never replied. I cannot recommend it.,negative
Delivery arrived a day early and support replied within an hour. Exactly as described.,positive
"Comparing it with my old one. It fits perfectly, but the app crashes on every launch. Deeply unimpressed.",negative
Second one I have owned. Very disappointed. Absolutely the app crashes on every launch. Very poor value.,negative
Absolutely love this. Genuinely it is light and easy to carry. Very pleased.,positive
Really happy with it. Honestly delivery arrived a day early. Will buy again.,positive
Worth every rupee. Honestly the battery lasts all day. Exactly as described.,positive
Does not do what it promises. delivery took three wees.,negative
Five stars. Honestly it fits perfectly. Will buy again.,positive
"The sound crackles at low volume, but the sound is surprisingly good. Would buy it again tomorrow.",positive
Complete waste of money. Absolutely it does not fit at all. Avoid.,negative
"MY WIFE USES IT MORE THAN I DO. SETUP TOOK TWO MINUTES, BUT IT IS FAR TOO HEAVY. ASKED FOR A REFUND.",negative
The price is the only good thing. the screen has dead pixels.,negative
Comparing it with my old one. Worth every rupee. Really delivery arrived a day early. Will buy again.,positive
"Nice box, broken product. it is far too heavy.",negative
"Good idea, terrible execution. the screen has dead pixels.",negative
Broke within a week. Honestly the plastic feels cheap. Would not buy it again.,negative
Arrived in the original packaging. The app crashes on every launch and the battery dies in two hours. Hard to recommend at this price.,negative
No problems so far. it is light and easy to carry.,positive
Save our money. Seriously delivery took three weeks. Never again.,negative
So glad I bought it. Absolutely it is light and easy to carry. Great value.,positive
So glad I bought it. the battery lasts all day. Exactly as described.,positive
"The sound crackles at low volume, but the sound is surprisingly good. Very pleased.",positive
Best purchase this year — support replied within an hour :),positive
Not worth it. the screen has dead pixels.,negative
It does not fit at all and the app crashes on every launch. Deeply unimpressed.,negative
Best purchase this year. Genuinely the screen is bright and sharp. Will buy again.,positive
"The camera is unreliable, but the camera is responsive. Exactly as described.",positive
Delivery arrived a day early and it fits perfectly. Very pleased.,positive
The battery lasts all day and setup took two minutes. Would buy it again tomrrow.,positive
"Ordered during the sale. Not bad at all, actually. the camera is sharp even at night.",positive
The sound is surprisingly good and it is light and easy to carry. Would buy it again tomorrow.,positive
"Not bad at all, actually. support replied within an hour.",negative
ABSOLUTELY LOVE THIS. IT IS LIGHT AND EASY TO CARRY. GREAT VALUE.,positive
"Comparing it with my old one. Good idea, terrible execution. the sound crackles at low volume.",negative
"The battery is responsive, but the finish is overpriced. Hard to recommend at this price.",negative
Comparing it with my old one. Cannot fault it. delivery arrived a day early.,positive
The battery lasts all day and charging is fast. Recommend it without hesitation.,positive
Second one I have owned. I was ready to hate it and i don't. the camera is sharp even at night.,positive
Second one I have owned. Really happy with it. it fits perfectly. No complaints at all.,positive
It fits perfectly and support replie within an hour. Happy to recommend this one.,positive
Returned it the same week. Absolutely it is far too heavy. Asked for a refund.,negative
The camera is cramped and setupwas a nightmare. Hard to recommend at this price.,negative
Works beautifully. Seriously the cmera is sharp even at night. I would recommend it to anyone.,positive
Delivery arrived a day early and it is light and easy to carry. Highly recommended.,positive
Would not recommend. Seriously the sound cracles at low volume. Would not buy it again.,negative
"THE APP CRASHES ON EVERY LAUNCH, BUT THE APP IS SIMPLE TO USE. RECOMMEND IT WITHOUT HESITATION.",positive
"The build quality feels solid, but it does not fit at all. Deeply unimpressed.",negative
Ordered during the sale. Broke withi a week. Honestly it does not fit at all. Not worth the price.,negative
"The screen has dead pixels, but it is light and easy to carry. Will buy again.",positive
Five stars. Honestly delivery arrived a day early. Happy to recommend this one.,positive
Terrible experience. the plastic feels cheap. Avoid.,negative
"The sound crackles at low volume, but the build quality feels solid. Recommend it without hesitation.",positive
Second one I have owned. Best purchase this year. Genuinely the sound is surprisingly good. Highly recommended.,positive
"Second one I have owned. The screen has dead pixels, but the battery lasts all day. Exactly as described.",positive
"The app is responsive, but the app is rough. I cannot recommend it.",negative
The keyboard is rough and setup was a nightmare. Never again.,negative
Used it daily for two weeks. The sound is surprisingly good and the sound is surprisingly good. Recommend it without hesitation.,positive
SETUP TOOK TWO MINUTES AND THE SCREEN IS BRIGHT AND SHARP. EXACTLY AS DESCRIBED.,positive
Would not recommend. Absolutely the app crashes on every launch. Avoid.,negative
Absolutely love this. Seriously the sound is surprisingly good. Very pleased.,positive
"Comparing it with my old one. The sound is surprisingly good, but the battery diesin two hours. Never again.",negative
Delighted with this one. Genuinely the sound is surprisingly good. Very pleased.,positive
Used it daily for two weeks. One star. Seriously the plastic feels cheap. Asked for a refund.,negative
"Delivery arrived a day early, but the app crashes on every launch. Not worth the price.",negative
THE APP IS SIMPLE TO USE AND SETUP TOOK TWO MINUTES. WILL BUY AGAIN.,positive
"The sound crackles at low volume, but the battery lasts all day. Would buy it again tomorrow.",positive
COMPARING IT WITH MY OLD ONE. DOESN'T DISAPPOINT. THE SCREN IS BRIGHT AND SHARP.,positive
"Setup took two minutes, but the battery dies in two hours. Not worth the price.",negative
Very disappointe. the camera is blurry indoors. Asked for a refund.,negative
"Comparing it with my old one. Good idea, terrible execution. setup was a nightmare.",negative
Complete waste of money. support never replied. Avoid.,positive
One star. Seriously delivery took three weeks. Hard to recommend at this price.,negative
The attery dies in two hours and it overheats while charging. Asked for a refund.,negative
The camera is sharp even at night and support replied within an hour. Ten out of ten.,positive
Support never replied and the app crashes on every launch. Zero out of ten.,negative
Would not recommend. Absolutely the camera is blurry indoors. Asked for a refund.,negative
"The battery dies in two hour, but it fits perfectly. Will buy again.",positive
"Not bad at all, actually. charging is fast.",positive
Worth every rupee. Genuinely the screen is bright and sharp. I would recommend it to anyone.,positive
"The sound crackles at low volume, but the app is simple to use. Would buy it again tomorrow.",positive
"Second one I have owned. It fits perfectly, but the sound crackles at low volume. Hard to recommend at this price.",negative
The battery is premium and the battery lasts all day. Exctly as described.,positive
The build quality feels solid and the battery lasts all day. Highly recommended.,positive
THE CASE IS AWKWARD AND THE SOUND CRACKLES AT LOW VOLUME. DEEPLY UNIMPRESSED.,negative
"The battery is smooth, but the camera is cramped. Zero out of ten.",negative
Exactly what I needed — support replied within an hour :),positive
My wife uses it more than I do. The price is the only good thing. the battery dies in two hours.,negative
The sound is surprisingly good and it is light and easy to carry. No complaints at all.,positive
"Not bad at all, actually. the app is simple to use.",positive
"THE BATTERY LASTS ALL DAY, BUT IT IS FAR OO HEAVY. VERY POOR VALUE.",negative
MY WIFE USES IT MORE THAN I DO. THE BUILD QUALITY FEELS SOLID AND SUPPORT REPLIED WITHIN AN HOUR. I WOULD RECOMMEND IT TO ANYONE.,positive
"It does not fit at all, but the camera is sharp even at night. I would recommend it to anyone.",positive
"Delivery arrved a day early, but the screen has dead pixels. Avoid.",negative
Exactly what I needed. Absolutely the screen is bright and sharp. Recommend it without hesitation.,positive
"NOT BAD AT ALL, ACTUALLY. THE SOUND IS SURPRISINGLY GOOD.",positive
Very disappointed. it is far too heavy. Zero out of ten.,negative
Setup took two minutes and setup took two minutes. Great value.,positive
Save your money. Absolutely the app crashes on every launch. I cannot recommend it.,negative
"The screen has dead pixels, but the battery lasts all day. Will buy again.",positive
Better than I expected. the battery lasts all day. I would recommend it to anyone.,positive
Charging is fast and setup took two minutes. I would recommend it to anyone.,positive
Best purchase this year. the build quality feels solid. Very pleased.,positive
"Ordered during the sale. Good idea, terrible execution. delivery took three weeks.",negative
The screen has dead pixels and the sound crackles at low volume. Avoid.,negative
"Comparing it with my old one. Not bad at all, actually. the app is simple to use.",positive
"The charger is fragile, but the finish is quick. Will buy again.",positive
Comparing it with my old one. The battery dies in two hours and the screen has dead pixels. Zero out of ten.,negative
WOULD NOT RECOMMEND. ABSOLUTELY DELIVERY TOOK THREE WEEKS. ASKED FOR A REFUND.,negative
"Second one I have owned. The camera is sharp even at night, but the sound crackles at low volume. Never again.",negative
"Charging is fast, but the screen has dead pixels. Asked for a refund.",negative
The plastic feels cheap and it does not fit at all. Not worth the price.,negative
"Comparing it with my old one. The chargeris clunky, but the cable is sturdy. Ten out of ten.",positive
Delighted with this one. Honestly the screen is bright and sharp. Highly recommended.,positive
My wife uses it more than I do. Cannot fault it. delivery arrived a day early.,positive
No problems so far. it fits perfectly.,positive
"The camera is blurry indoors, but delivery arrived a day early. Ten out of ten.",positive
Second one I have owned. The sound is surprisingly good and it is light and easy to carry. Exactly as described.,positive
Really happy with it. Genuinely charging is fast. Exactly as described.,positive
"Comparing it with my old one. Delivery took three weeks, but the camera is sharp even at night. Recommend it without hesitation.",positive
"The camerais quick, but the finish is sluggish. Would not buy it again.",negative
The app is quick and setup took two minutes. Will buy again.,positive
Used it daily for two weeks. Terrible experience. Seriously setup was a nightmare. Asked for a refund.,negative
"The sound crackles at low volume, but the build quality feels solid. Happy to recommend this one.",positive
Ordered during the sale. Better than I expected. Genuinely the sound is surprisingly gooood. Highly recommended.,positive
Second one I have owned. The camera is sharp even at night and the battery lasts all day. Recommend it without hesitation.,positive
Arrived in the original packaging. Works beautifully. Seriously the camera is sharp even at night. Highly recommended.,positive
The screen has dead pixels and the screen has dead pixels. Deeply unimpressed.,negative
"Setup took two minutes, but the plastic feels cheap. Would not buy it again.",negative
So glad I bought it. Honestly the app is simple to use. Will buy again.,positive
RETURNED IT THE SAME WEEK. THE BATTERY DIES IN TWO HOURS. NEVER AGAIN.,negative
Support replied within an hour and the app is simple to use. Great value.,positive
Absolutely love this. Genuinely charging is fast. I would recommend it to anyone.,positive
"The camera is blurry indoors, but the app is simple to use. Highly recommended.",positive
The battery is overpriced and the sound crackles at low volume. Zero out of ten.,negative
It is light and easy to carry and thebuild quality feels solid. Very pleased.,positive
"The build quality feels solid, but the battery dies in two hours. Avoid.",positive
"It is far too heavy, but the build quality feels solid. Would buy it again tomorrow.",positive
So glad I bought it. the screen is bright and sharp. Would buy it again tomorrow.,positive
It does not fit at all and the screen has dead pixels. Very poor value.,negative
Delivery took three weeks and delivery took three weeks. Deeply unimpressed.,negative
Arrived in the original packaging. The button is hopeless and the camera is blurry indoors. Never again.,negative
"The app crashes on every launch, but the sound is surprisingly good. Will buy again.",positive
Ordered during the sale. The screen is solid and the battery lasts all day. Recommend it without hesitation.,positive
The screen has dead pixels and the camera is blurry indoors. I cannot recommend it.,negative
IT DOES NOT FIT AT ALL AND IT IS FAR TOO HEAVY. DEEPLY UNIMPRESSED.,negative
Do not buy this — the plastic feels cheap :/,negative
So glad I bought it. Honestly charging is fast. Highly recommended.,positive
"The app is sturdy, but the packaging is dim. I cannot recommend it.",negative
"The sound crackles at low volume, but the build quality feels solid. I would recommend it to anyone.",positive
My wife uses it more than I do. Very disappointed. Honestly the sound crackles at low volume. Asked for a refund.,negative
Bought it last month. The price is the only good thin. the sound crackles at low volume.,negative
The screen has dead pixels and it does not fit at all. Would not buy it again.,negative
Regret this purchase. Seriously support never replied. Avoid.,negative
IT DOES NOT FIT AT ALL AND SETUP WAS A NIGHTMARE. WOULD NOTBUY IT AGAIN.,negative
The stnd is lovely and the sound is surprisingly good. Very pleased.,positive
The camera is smooth and support replied within an hour. I would recommend it to anyone.,positive
USED IT DAILY FOR TWO WEEKS. COMPLETE WASTE OF MONEY. REALLY IT DOES NOT FIT AT ALL. WOULD NOT BUY IT AGAIN.,negative
Terrible experience. Honestly it does not fi at all. I cannot recommend it.,negative
COMPARING IT WITH MY OLD ONE. WOULD NOT RECOMMEND. REALLY THE PLASTIC FEELS CHEAP. WOULD NOT BUY IT AGAIN.,negative
"SETUP TOOK TWO MINUTES, BUT THE CAMERA IS BLURRY INDOORS. NOT WORTH THE PRICE.",negative
The camera is blurry indoors and support never replied. Never again.,negative
It is far too heavy and it does not fit at all. Asked for a refund.,negative
"The build quality feels solid, but the plastic feels cheap. Hard to recommend at this price.",negative
Second one I have owned. The build quality feels solid and the build quality feels solid. No complaints at all.,positive
"The screen is bright and sharp, but delivery took three weeks. Never again.",negative
Second one I have owned. Complete waste of money. Genuinely it is far too heavy. Hard to recommend at this price.,negative
USED IT DAILY FOR TWO WEEKS. DELIVERY ARRIVED A DAY EARLY AND DELIVERY ARRIVED A DAY EARLY. EXACTLY AS DESCRIBED.,positive
Arrived in the original packaging. One star. support never replied. I cannot recommend it.,negative
EXACTLY WHAT I NEEDED — DELIVERY ARRIVED A DAY EARLY :),positive
I was ready to hate it and i don't. it is light and easy to carry.,positive
The battery dies in two hours and it overheats while charging. Avoid.,negative
Boke within a week. Absolutely the screen has dead pixels. Deeply unimpressed.,positive
SO GLAD I BOUGHT IT. ABSOLUTELY THE CAMERA IS SHARP EVEN AT NIGHT. GREAT VALUE.,positive
The speaker is overpriced and the screen has dead pixels. Deeply unimpressed.,negative
Support never replied and delivery took three weeks. Avoid.,negative
Used it daily for two weeks. Exactly what I needed. Genuinely charging is fast. I would recommend it to anyone.,positive
The camera is blurry indoors and support never replied. Very poor value.,negative
Terrible experience. Honestly delivery took three weeks. Very poor value.,negative
Ordered during th sale. Support replied within an hour and it fits perfectly. I would recommend it to anyone.,positive
"Delivery took three weeks, but support replied within an hour. Would buy it again tomorrow.",negative
Would not recommend. Genuinely delivery took three weeks. Hard to recommendat this price.,negative
Bought it last month. Better than I expected. Absolutely support replied within an hour. Would buy it again tomorrow.,positive
BROKE WITHIN A WEEK. REALLY IT IS FAR TOO HEAVY. WOULD NOT BUY IT AGAIN.,negative
"The battery lasts all day, but the app crashes on every launch. Deeply unimpressed.",negative
The charger is hopeless and the battery dies in two hours. Hard to recommend at this price.,negative
Delivery took three weeks and the app crashes on every launch. Deeply unimpressed.,negative
"The camera is blurry indoors, but te sound is surprisingly good. Exactly as described.",positive
Bought it lastmonth. Cannot fault it. setup took two minutes.,positive
Comparing it with my old one. The packaging is quiet and the sound is surprisingly good. Would buy it again tomorrow.,positive
"Ordered during the sale. The keyboard is noisy, but the finish is crisp. Highly recommended.",positive
ARRIVED IN THE ORIGINAL PACKAGING. BROKE WITHIN A WEEK. REALLY THE CAMERA IS BLURRY INOORS. I CANNOT RECOMMEND IT.,negative
The build quality feels solid and the build quality feels solid. Great value.,positive
Does not do wht it promises. the plastic feels cheap.,negative
The screen is bright and sharp and it is light and easy to carry. Recommend it without hesitation.,positive
The battery lasts all day and charging is fast. Exactly s described.,positive
Best purchase this year. Really it is light and easy to carry. Ten out of ten.,positive
My wife uses it more than I do. Delivery took three weeks and it is far too heavy. Never again.,negative
Setup was a nightmare and the screen has dead pixels. Would not buy it again.,negative
Ordered during the sale. Terrible experience. Really the battery dies in two hours. Deeply unimpressed.,negative
Absolutely love this. setup took two minutes. Ten out of ten.,positive
Used it daily for two weeks. So glad I bought it. Genuinely the sound is surprisingly good. Ten out of ten.,positive
Ordered during the sale. The build quality feels solid and it is light and easy to carry. Will buy again.,positive
Used it daily for two weeks. Absolutely love this — it fits perfectly :D,positive
My wife uses it more than I do. Would not recommend. the battery dies in two hours. Asked for  refund.,negative
Comparing it with my old one. The build quality feels solid and it is light and easy to carry. Would buy it again tomorrow.,positive
Support never replied and the battery dies in two hours. I cannot recommend it.,negative
It overheats while charging and setup was a nightmare. Would not buy it again.,negative
The packaging is comfortable and it is light and easy to carry. Exactly as described.,positive
Exactly what I needed. Honestly support replied within an hour. Would buy it again tomorrow.,positive
Used it daily for two weeks. Exactly what I needed — setup took two minutes :),positive
The camera is blury indoors and the app crashes on every launch. Very poor value.,negative
"The plastic feels cheap, but setup took two minutes. Great value.",positive
My wife uses it more than I do. The price is the only good thing. the battery dies in two hours.,negative
"The camera is sharp even at night, but it is far too heavy. Deeply unimpressed.",negative
Exactly what I needed. Genuinely it fits perfectly. Will buy again.,positive
The app crashes on every launch and setup was a nightmare. Avoid.,negative
"The battery lasts all day, but it overheats while charging. I cannot recommend it.",negative
"The camera is blurry indoors, but support replied within an hour. Recommend it without hesitation.",positive
Five stars — the battery lasts all day 👍,positive
Best purchase this year. Genuinely setup took two minutes. Would buy it again tomorrow.,positive
The app is simple to use and the sound is surprisingly good. Happy to recommend this one.,negative
Works beautifully — support replied within an hour :D,positive
Comparing it with my old one. Best purchase this year. setup took two minutes. Very pleased.,positive
Used it daily for two weeks. It is far too heavy and the plastic feels cheap. Hard to recommend at this price.,negative
Second one I have owned. Complete waste of money. Honestly the screen has dead pixels. Not worth the price.,negative
"Second one I have owned. Nice box, broken product. the plastic feels cheap.",negative
"USED IT DAILY FOR TWO WEEKS. THE BATTERY IS PREMIUM, BUT THE CASE IS CLUNKY. HARD TO RECOMMEND AT THIS PRICE.",negative
The plastic feels cheap and the screen has dead pixels. Never again.,negative
Really happy with it. Really the screen is bright and sharp. Happy to recommend this one.,positive
The battery is brilliant and delivery arrived a day early. Happy to recommend this one.,positive
IT ISN'T PERFECT BUT I LOVE IT. CHARGING IS FAST.,positive
The app is noisy and setup was a nightmare. I cannot recommend it.,negative
"Ordered during the sale. The screen is hopeless, but the case is smooth. Happy to recommend this one.",positive
The build uality feels solid and the build quality feels solid. Great value.,positive
The screen is bright and sharp and the build quality feels solid. Highly recommended.,positive
Broke within a week. Really the plastic feels cheap. Asked for a refund.,negative
It isn't perfect but i love it. the camera is sharp even at night.,positive
Works beautifully. the battery lasts all day. Great value.,positive
The stand is solid and the camera is sharp even at night. Very pleased.,positive
It overheats while charging and setup was a nightmare.Never again.,negative
Would not recommend. Absolutely it overheats while charging. Never again.,negative
The camera is shap even at night and the screen is bright and sharp. Will buy again.,positive
Very disappointed. Really the app crashes on every launch. Avoid.,negative
It is light and easy to carry and the screen is bright and sharp. Happy to recommend this one.,positive
Setup took two minutes and charging is fast. No complaints at all.,positive
"Delivery arrived a day early, but the sound crackles at low volume. Avoid.",negative
"It fits perfectly, but the camera is lurry indoors. Zero out of ten.",positive
Regret this purchase. support never replied. Notworth the price.,negative
Better than I expected — the camera is sharp even at night :),positive
"Ordered during the sale. The cable is comfortable, but the finish is clunky. Zero out of ten.",negative
Bought it last month. The battery dies in two hours and setup was a nightmare. Never again.,negative
"Bought it last month. It does not fit at all, but delivery arrived a day early. Exactly as described.",positive
Setup was a nightmare and the sound crackles at low volume. Zero out of ten.,negative
"Not bad at all, actually. the battery lasts all day.",positive
"It fits perfectly, but it overheats while charging. Would not buy it again.",negative
Delivery arrived a day early and the app is simple to use. Very pleased.,positive
The app is simple to use and it fits perfectly. Recommend i without hesitation.,positive
Second one I have owned. Returned it the same week. support never replied. Never again.,negative
Absolutely love this. Absolutely the app is simple to use. Exactly as described.,positive
So glad I bought it. Honestly the app is simple to use. Recommend it without hesitation.,positive
One star. Absolutely setup was a nightmare. Zero out of ten.,negative
"Ordered during the sale. The button is dim, but the camera is responsive. Very pleased.",positive
Would not recommend — setup was a nightmare :(,negative
"The build quality feels solid, but the battery dies in two hours. Would not buy it again.",negative
Five stars. Seriously the camera is sharp even at night. Exactly as described.,positive
Better than I expected. Seriously the battery lasts all day. Will buy again.,positive
The battery dies in two hours and the battery dies in two hours. Very poor value.,positive
Used it daily for two weeks. Save your money. Genuinely the sound crackles at low volume. Zero out of ten.,negative
Bought it last month. Cannot fault it. delivery arrived a day early.,positive
Complete waste of money. delivery took three weeks. Zero out of ten.,negative
Works beautifully. Really the sound is surprisingly good. Very pleased.,positive
Comparing it with my old one. Delivery took three weeks and it is far too heavy. Zero out of ten.,negative
Broke within a week. Absolutely the plastic feels cheap. Avoid.,negative
Used it daily for two weeks. The cable is solid and it fits perfectly. No complaints at all.,positive
The speaker is fragile and the camera is blurry indoors. Very poor value.,negative
No problems so far. delivery arrived a day early.,positive
"The app crashes on every launch, but support replied within an hour. Happy to recommend this one.",positive
Worth every rupee. setup took two minutes. Recommend it without hesitation.,positive
Second one I have owned. No problems so far. it is light and easy to carry.,positive
Support never replied and it does not fit at all. Avoid.,negative
Not as described. it is far too heavy.,negative
Arrived in the original packaging. Does not do what it promises. the battery dies in two hours.,negative
Used it daily for two weeks. Setup was a nightmare and support never replied. I cannot recommend it.,negative
"The screen is bright and sharp, but the battery dies in two hours. Asked for a refund.",negative
Second one I have owned. I wanted to love this. the plastic feels cheap.,negative
Very disappointed. it is far too heavy. Avoid.,negative
Delivery arrived a day early and it is light and easyto carry. Highly recommended.,positive
"It is far too heavy, but it is light and easy to carry. No complaints at all.",positive
"It fits perfectly, but the sound crackles at low volume. Zero out of ten.",negative
Arrived in the original packaging. Do not buy this — the plastic feels cheap :/,negative
The build quality feels solid and it fits perfectly. No complaints at all.,positive
"The screen is bright and sharp, but the plastic feels cheap. Zero out of ten.",negative
"It overheats while charging, but the screen is bright and sharp. Great value.",positive
Delighted with this one. Honestly the battery lasts all day. Highly recommended.,positive
Really happy with it. Absolutely it is light and easy to carry. Ten out of ten.,positive
Comparing it with my old one. Delivery arrived a day early and the camera is sharp even at night. Highly recommended.,positive
The camera is sharp even at night and setup took two minutes. Highly recommended.,positive
Not as describd. the plastic feels cheap.,negative
Ordered during the sale. Five stars. Seriously delivery arrived a day early. Very pleased.,positive
"Bought it last month. Nice box, broken product. support never replied.",negative
Bought it last month. Five stars. Really charging is fast. Great value.,positive
Support never replied and the batter dies in two hours. Deeply unimpressed.,negative
Delivery arrived a day early and the app is simple to use. Highly recommended.,positive
Second one I have owned. It is far too heavy and support never replied. Hard to recommend at this price.,negative
Bought it last month. Really happy with it. Really support replied within an hour. Exactly as described.,positive
Charging is fast and the sound is surprisingly good. Recommend it without hesitation.,positive
RGRET THIS PURCHASE. HONESTLY IT OVERHEATS WHILE CHARGING. ZERO OUT OF TEN.,negative
Comparing it with my old one. It does not fit at all and the app crashes on every launch. I cannot recommend it.,negative
My wife uses it more than I do. The battery lasts all day and charging is fast. Highly recommended.,positive
"Setup was a nightmare, but setup took two minutes. Exactly as described.",positive
Support never replied and it overheats while charging. Not worth the price.,negative
"THE SOUND IS SURPRISINGLY GOOD, BUT IT OVERHEATS WHILE CHARGING. WOULD NOT BUY IT AGAIN.",negative
"Charging is fast, but the app crashes on every launch. Asked for a refund.",negative
Broke within a week. Seriously the app crashes on every launch. Hard to recommend at this price.,positive
It isn't perfect but i love it. the build quality feels solid.,positive
Really happy with it. Honestly setup took two minutes. Very pleased.,positive
The plastic feels cheap and delivery took three weeks. Vey poor value.,negative
Ordered during the sale. It overheats while charging and support never replied. Not worth the price.,negative
"My wife uses it more than I do. The sound crackles at low volume, but charging is fast. Happy to recommend this one.",positive
The build quality feels solid but the battery dies in two hours. Avoid.,negative
The camera is sharp even at night and the screen is bright and sharp. Recommend it without hesitation.,positive
Comparing it wih my old one. Not worth it. it is far too heavy.,negative
Comparing it with my old one. Cannot fault it. setup took two minutes.,positive
"The camera is hopeless, but the screen is smooth. I would recommend it to anyone.",positive
The sound is surprisingly good and the screen is bright and sharp. No complaints at all.,positive
I was ready to hate it and i don't. support replied within an hour.,positive
It fits perfectly and the battery lasts all day. Exactly as described.,positive
IT OERHEATS WHILE CHARGING AND DELIVERY TOOK THREE WEEKS. NOT WORTH THE PRICE.,negative
"Comparing it with my old one. The battery lasts all day, but it does not fit at all. Avoid.",negative
The keyboard is useless and it overheats while charging. Not worth the price.,negative
Regret this purchase — the plastic feels cheap 👎,negative
One star. Seriously the camera is blurry indoors. I cannot recommend it.,negative
One star. Sriously it does not fit at all. Asked for a refund.,negative
"Support replied within an hour, but the plastic feels cheap. Hard to recommend at this price.",negative
Bought it last month. The screen has dead pixels and it overheats while charging. Deeply unimpressed.,negative
"It does not fit at all, but it fits perfectly. Great value.",positive
"The screen has dead pixels, but charging is fast. Happy to recommend this one.",positive
Broke within a week. Genuinely the screen has dead pixels. Never again.,negative
"The packaging is solid, but the fan is awkward. Very poor value.",negative
The plastic feels cheap and the sound crackles at low volume. Not worth the price.,negative
The camera is blurry indoors and delivery took three weeks. Avoid.,negative
Bought it last month. Support replied within an hour and charging is fast. Recommend it without hesitation.,positive
Comparing it with my old one. It is light and easy to carry and the app is simple to use. Great value.,positive
Really happy with it. Really it is light and easy to carry. Would buy it again tomorrow.,positive
Ordered during the sale. One star. Really the battery dies in two hours. Hard to recommend at this price.,negative
Works beautifully. Genuinely the sound is surprisingly good. Happy to recommend this one.,positive
Comparing it wit my old one. Best purchase this year. it is light and easy to carry. Will buy again.,negative
It overheats while charging and the battery dies in two hours. Very poor value.,negative
Arrived in the original packaging. The sound crackles at low volume and it does not fit at all. Asked for a refund.,negative
"The build quality feels solid, but the plastic feels cheap. Zero out of ten.",negative
"THE CAMERA IS BLURRY INDOORS, BUT THE CAMERA IS SHARP EVEN AT NIGHT. WOULD BUY IT AGAIN TOMORROW.",positive
Doesn't disappoint. the screen is bright and sharp.,positive
"The battery is solid, but the packaging is sluggish. Avoid.",negative
One star. Absolutely support never replied. Very poor value.,negative
The speaker is lovely and support replied within an hour. No complaints at all.,positive
"It is far too heavy, but the sound is surprisingly good. Ten out of ten.",positive
THE BATTERY IS PREMIUM AND CHARGING IS FAST. NO COMPLAINTS AT ALL.,positive
Regret this purchase. delivery took three weeks. Zero out of ten.,negative
Used it daily for two weeks. Setup was a nightmare and the screen has dead pixels. Deeply unimpressed.,negative
The camera is blurry indoors and it does not fit at all. Deeply unimpressed.,negative
The price is the only gooood thing. the plastic feels cheap.,negative
"Ordered during the sale. The plastic feels cheap, but the camera is sharp even at night. Great value.",positive
"The keyboard is awkward, but the camera is solid. I would recommend it to anyone.",positive
Worth every rupee — it fits perfectly,positive
The screen has dead pixels and the sound crackles at low volume. Never again.,negative
It overheats while charging and delivery took three weeks. Asked for a refund.,negative
"The cable is clunky, but the cable is handy. Recommend it without hesitation.",positive
Does not do what it promises. the plastic feels cheap.,negative
"Ordered during the sale. The finish is premium, but the app is dim. Not worth the price.",negative
"NICE BOX, BROKEN PRODUCT. THE CAMERA IS BLURRY INDOORS.",negative
"Arrived in the original packaging. It overheats while charging, but it fits perfectly. Ten out of ten.",positive
Hardly any complaints. the battery last all day.,positive
"Arrived in the original packaging. The packaging is unreliable, but the stand is handy. Highly recommended.",positive
"My wife uses it more than I do. The screen has dead pixels, but it is light and easy to carry. Will buy again.",positive
Returned it the same week. Honestly support never replied. I cannot recommend it.,negative
Best purchase this year. Absolutely delivery arrived a day early. Highly recommended.,positive
The charger is faulty and the app crashes on every launch. Would not buy it again.,negative
I wanted to love this. it is far too heavy.,negative
Support replied within an hour and setup took two minutes. Great value.,positive
Regret this purchase. Really the battery dies in two hours. Asked for a refund.,negative
"My wife uses it more than I do. Nice box, broken product. it is far too havy.",negative
My ife uses it more than I do. Support replied within an hour and the screen is bright and sharp. Happy to recommend this one.,positive
Returned it the same week — it does not fit at all,negative
The camera is awkward and setup was a nightmare. Zero outof ten.,negative
The app is smooth and the camera is sharp even at night. Ten out of ten.,positive
It overheats while charging and the plastic feels cheap. Not worth the price.,negative
"Bought it last month. The charger is premium, but the case is sluggish. Avoid.",negative
It is light and easy to carry and it fits perfectly. I would recommend it to anyone.,positive
Arrived in the original packaging. Better than I expected. Seriously the camera is sharp even at night. Ten out of ten.,positive
"It overheats while charging, but the build quality feels solid. Highly recommended.",positive
Works beautifully. delivery arrived a day early. Ten out of ten.,positive
Comparing it with my old one. Cannot fault it. it is light and easy to carry.,positive
Returned it the same week. Absolutely the screen has dead pixels. Would not buy it again.,negative
Ordered during the sale. Charging is fast and delivery arrived a day early. Great value.,positive
Absolutely love this. Seriously support replied within an hour. Recommend it without hesitation.,positive
Ordered during the sale. Setup was a nightmare and it is far too heavy. Asked for a refund.,negative
The screen is bright and sharp and delivery arrived a day early. Very pleased.,positive
The charger is overpriced and it overheats while charging. I cannot recommend it.,negative
The screen is bright and sharp and setup took two minutes. Ten out of ten.,positive
The camera is sharp even at night and the battery lasts all day. Very pleased.,positive
"Arrived in the original packaging. Setup was a nightmare, but it is light and easy to carry. Great value.",positive
The sound is surprisingly good and the app is simple to use. Will buy again.,positive
COMPLETE WASTE OF MONEY. IT OVERHEATS WHILE CHARGING. WOULD NOT BUY IT AGAIN.,negative
The screen is bright and sharp and the app is simple to use. Would buy it again tomorrow.,positive
The plastic feel cheap and the plastic feels cheap. I cannot recommend it.,negative
Do not buy tis. Seriously delivery took three weeks. Never again.,negative
Better than I expected. Honestly it fits perfectly. Great value.,positive
"Comparing it with my old one. The case is useless, but the button is quick. Would buy it again tomorrow.",positive
Regret this purchase. the camera is blurry indoors. Not worth the price.,negative
"Looks great, works adly. the plastic feels cheap.",negative
"Setup took two minutes, but support never replied. Not worth the price.",negative
The camera is sharp even at night and delivery arrived a day early. Highly recommended.,positive
"Bought it last month. Delivery arrived a day early, but setup was a nightmare. Not worth the price.",positive
"It overheats while charging, but charging is fast. Would buy it again tomorrow.",positive
Save your money. the camera is blurry indoors. I cannot recommend it.,negative
"The plastic feels cheap, but the camera is sharp even at night. Exactly as described.",positive
I was ready to hate it and i don't. the sound is surprisingly good.,positive
Charging is fast and the sound is surprisingly good. I would recommend it to anyone.,positive
Arrived in the original packaging. Broke within a week. setup was a nightmare. Asked for a refund.,negative
Delivery took three weeks and support never replied. Hard to recommend at this price.,negative
My wife uses it more than I do. Never had an issue. setup took two minutes.,positive
Delighted with this one. Really the build quality feels solid. Recommend it without hesitation.,positive
Delivery took three weeks and it does not fit at all. Asked for a refund.,negative
My wife uses it more than I do. I wanted to love this. it overheats while charging.,negative
Not worth it. the battery dies in two hours.,negative
"Bought it last month. The app is simple to use, but delivery took three weeks. Zero out of ten.",negative
"The plastic feels cheap, but delivery rrived a day early. No complaints at all.",positive
Ordered during the sale. It is far too heavy and support never replied. Asked for a refund.,negative
The sound is surprisingly good and the build quality feels solid. Recommend it without hesitation.,negative
The plastic feels cheap and the app crashes on every launch. Avoid.,negative
SAVE YOUR MONEY. GENUINELY SETUP WAS A NIGHTMARE. NEVER AGAIN.,negative
The fan is cramped and it overheats while charging. Asked for a refund.,negative
The plastic feels cheap and the plastic feels cheap. Zero out of ten.,negative
"It is far too heavy, but it is light and easy to carry. Will buy again.",positive
I wanted to love this. the battery dies in two hours.,negative
Bought it last month. It is far too heavy and the screen has dead pixels. Not worth the price.,negative
COMPARING IT WITH MY OLD ONE. EXACTLY WHAT I NEEDED. ABSOLUTELY THE CAMERA IS SHARP EVEN AT NIGHT. HIGHLY RECOMMENDED.,positive
The screen is bright and sharp and charging is fast. Will buy again.,positive
The buildquality feels solid and charging is fast. Would buy it again tomorrow.,positive
Comparing it with my old one. Delighted with this one. the sound is surprisingly good. Exactly as described.,positive
Hardly any complaints. deliver arrived a day early.,positive
The packaging is lovely and setup took two minutes. Great value.,positive
Exactly what I needed. support replied within an hour. I would recommend it to anyone.,positive
Returned it the same week. Absolutely the app crashes on every launch. Hard to recommend at this price.,negative
Worth every rupee. Absolutely the camera is sharp even at night. Highly recommended.,positive
VERY DISAPPOINTED. HONESTLY THE CAMERA IS BLURRY INDOORS. VERY POOR VALUE.,negative
Delighted with this one. Seriously the build quality feels solid. Ten out of ten.,positive
The app crashes on every launch and the battery dies in two hours. Never again.,negative
Used it daily for two weeks. The sound crackles at low volume and it overheats while charging. Deeply unimpressed.,negative
Terrible experience. Really the sound crackles at low volume. Avoid.,negative
My wife uses it more than I do. It isn't perfect but i love it. the screen is bright and sharp.,positive
Ordered during the sale. It does not fit at all and the app crashes on every launch. I cannot recommend it.,negative
"Second one I have owned. Not bad at all, actually. the build quality feels solid.",positive
Support never replied and the battery dies in two hours. I cannot recommend it.,negative
One star. Absolutelythe plastic feels cheap. Hard to recommend at this price.,positive
DELIVERY TOOK THREE WEEKS AND IT OVERHEATS WHILE CHARGING. WOULD NOT BUY IT AGAIN.,negative
"Support never replied, but the camera is sharp even at night. Highly recommended.",positive
Worth every rupee. Genuinely delivery arrived a day early. Will buy again.,positive
Setup took two minutes and the battery lasts all day. Hghly recommended.,positive
Ordered during the sale. The battery dies in two hours and support never replied. Avoid.,negative
Broke within a week. Honestly the screen has dead pixels. Very poor value.,negative
"The sound is surprisingly good, but the plastic feels cheap. Very poor value.",negative
Arrived in the original packaging. Returned it the same week. Honestly the plastic feels cheap. Avoid.,negative
"Delivery took three weeks, but the camera is sharp even at night. Great value.",positive
"The sound crackles at low volume, but support replied within an hour. Happy to recommend this one.",positive
The screen has dead pixels and support never replied. Would not bu it again.,negative
Ordered during the sale. The cable is hopeless and it overheats while charging. Avoid.,negative
Absolutely love this. Genuinely charging is fast. Happy to recommend this one.,positive
I wanted to love this. the screen has dead pixels.,negative
"ORDERED DURING THE SALE. DELIVERY ARRIVED A DAY EARLY, BUT IT IS FAR TOO HEAVY. NOT WORTH THE PRICE.",negative
Ordered during the sale. Support never replied and the battery dies in two hours. Zero out of ten.,negative
Used it daily for two weeks. Not as described. the camera is blurry indoors.,negative
My wife uses it more than I do. Returned it the same week. Honestly it does not fit at all. Deeply unimpressed.,negative
Five stars. Honestly the battery lasts all day. I would recommend it to anyone.,positive
Ordered during the sale. So glad I bought it. the app is simple to use. Happy to recommend this one.,positive
"The cable is quick, but the app is cramped. Would not buy it again.",negative
Bought it last month. The screen has dead pixels and setup was a nightmare. Very poor value.,negative
Bought it last month. It fits perfectly and the screen is bright and sharp. I would recommend it to anyone.,positive
Returned it the same week. Honestly the battery dies in two hours. Asked for a refund.,negative
The battery dies i two hours and it is far too heavy. Zero out of ten.,negative
Reallyhappy with it. Really the camera is sharp even at night. I would recommend it to anyone.,positive
"It is far too heavy, but the camera is sharp even at night. Happy to recommend this one.",positive
Worth every rupee. Seriously the app is simple to use. Ten out of ten.,positive
Hardly any complaints. the camera is sharp even at night.,positive
The plastic feels cheap and it is far too heavy. Not worth the price.,negative
"Ordered during the sale. Not bad at all, actually. delivery arrived a day early.",positive
The sound crackles at low volume and the plastic feels cheap. Would not buy it again.,negative
Returned it the same week. Honestly it does not fit at all. Not worth the price.,negative
Exactly what I needed. Genuinely the screen is bright and sharp. Happy to recommend this one.,positive
The build quality feels solid and setup took two minutes. I would recommend it to anyone.,positive
"Comparing it with my old one. Good idea, terible execution. it overheats while charging.",negative
Works beautifully. Absolutely the camera is sharp even at night. Would buy it again tomorrow.,positive
Support never replied and the plastic feels cheap. I cannot recommend it.,negative
"Good idea, terrible execution. it does not fit at all.",negative
Better than I expected. Absolutely setup took two minutes. Very pleased.,positive
Save your money. Honestly it is far too heavy. Avoid.,negative
Used it daily for two weeks. Terrible experience — the app crashes on every launch :/,negative
The camera is blurry indoors and it overheats while charging. Never again.,negative
Second one I have owned. Support never replied and the screen has dead pixels. Never again.,negative
Better than I expected. Really the sound is surprisingly good. Happy to recommend this one.,positive
Vry disappointed — the battery dies in two hours 👎,negative
The charger is sluggish and it is far too heavy. Deeply unimpressed.,negative
Returned it the same week. Honestly delivery took three weeks. Hard to recommend at this price.,negative
Absolutely love this — it is light and easy to carry,positive
Would not recommend. Genuinely the battery dies in two hours. Not worth the price.,negative
"Ordered during the sale. The battery dies in two hours, but the screen is bright and sharp. No complaints at all.",positive
"The finish is useless, but the stand is brilliant. Very pleased.",positive
WORKS BEAUTIFULLY. GENUINELY DELIVERY ARRIVED A DAY EARLY. I WOULD RECOMMEND IT TO ANYONE.,positive
Exactly what I needed. Genuinely the battery lasts all day. Ten out of ten.,positive
Used it daily for two weeks. Terrible experience. Honestly the camera is blurry indoors. Asked for a refund.,negative
Best purchase this year. Genuinely the build quality feels solid. Highly recommended.,positive
Do not buy this. Really support never replied. Hard to recommend at this price.,negative
Do not buy this. Seriously suport never replied. Would not buy it again.,negative
"The screen is flimsy, but the stand is comfortable. Highly recommended.",positive
Complete waste of money. Absolutely the plastic feels cheap. Zero out of ten.,negative
The screen is bright and sharp and setup took two minutes. Ten out of ten.,positive
Five stars. Seriously it fits perfectly. Recommend it without hesitation.,positive
The charger is solid and the camera is sharp even at night. Very pleased.,positive
Doesn't disappoint. it fitsperfectly.,positive
Very disappointed. the battery dies in two hours. I cannot recommend it.,negative
Setup took two minutes and the screen is bright and sharp. Happy to recommend this one.,positive
Hardly any complaints. the app is simple to use.,negative
Do not buy this. Seriously support never replied. Avoid.,negative
REGRET THIS PURCHASE. REALLY SETUP WAS A NIGHTMARE. HARD TO RECOMMEND AT THIS PRICE.,negative
Ordered during the sale. Absolutely love this. Really delivery arrived a day early. Happy to recommend this one.,positive
Bought it last month. No problems so far. delivery arrived a day early.,positive
Second one I have owned. Regret this purchase. Genuinely it is far too heavy. Would not buy it again.,negative
The screen is comfortable andit is light and easy to carry. Recommend it without hesitation.,positive
COMPARING IT WITH MY OLD ONE. TERRIBLE EXPERIENCE. THE BATTERY DIES IN TWO HOURS. DEEPLY UNIMPRESSED.,negative
"The battery dies in two hours, but the screen is bright and sharp. I would recommend itto anyone.",positive
Do not buy this. Really it does not fit at all. Very poor value.,negative
Broke within a week. Honestly the plastic feels cheap. Would not buy it again.,negative
It is far too heavy and it overheats while charging. Not worth the price.,negative
Better than I expected. Really the camera is sharp even at night. Happy to recommend this one.,positive
"IT OVERHEATS WHILE CHARGING, BUT THE SOUND IS SURPRISINGLY GOOD. VERY PLEASED.",positive
"The sound is surprisingly good, but support never replied. Not worth the price.",negative
"Delivery arrived a day early, but it is far too heavy. Very poor value.",negative
Arrived in the original packaging. Regret this purchase. the plastic feels cheap. Would not buy it again.,negative
The sound is surprisingly good and delivey arrived a day early. Would buy it again tomorrow.,positive
The price is the only gooood thing. the plastic feels cheap.,negative
Do not buy this. Honestly the plastic feels cheap. Not worth the price.,negative
Th battery lasts all day and it is light and easy to carry. Highly recommended.,positive
The app is simple to use and the camera is sharp even at night. Exactly as described.,positive
"The screen has dead pixels, but setup took two minutes. Will buy again.",positive
The speaker is unreliable and setup was a nightmare. Zero out of ten.,negative
"Arrived in the original packaging. The keyboard is rough, but the button is responsive. Very pleased.",positive
"Good idea, terrible execution. the battery dies in two hours.",negative
Used it daily for two weeks. Better than I expected. Genuinely charging is fast. Happy to recommend this one.,positive
"Second one I have owned. Support replid within an hour, but the screen has dead pixels. Very poor value.",positive
It isn't perfect but i love it. charging is fast.,positive
Delivery took three weeks and delivery took three weeks. Would not buy it again.,negative
SECOND ONE I HAVE OWNED. FIVE STARS. SERIOUSLY SETUP TOOK TWO MINUTES. HAPPY TO RECOMMEND THIS ONE.,positive
Very disappointed. Seriously it overheats while charging. Avoid.,negative
Ordered during the sale. Complete waste of money. Seriously it is far too heavy. Would not buy it again.,negative
"Looks great, works badly. the camera is blurry indoors.",negative
One star. Seriously the screen has dead pixels. Very poor value.,negative
"Delivery took three weeks, but the sound is surprisingly good. No complaints at all.",positive
Would not recommend. Really the screen has dead pixels. Deeply unimpressed.,negative
"Setup was a nightmare, but delivery arrived a day early. Highly recommended.",positive
It does not fit at all and the sound crackles at low volume. Would not buy it again.,negative
"The screen is bright and sharp, but delivery took three weeks. Not worth the price.",negative
Used it daily for two weeks. The camera is blurry indoors and it does not fit at all. Very poor value.,negative
THE BATTERY IS RESPONSIVE AND DLIVERY ARRIVED A DAY EARLY. TEN OUT OF TEN.,positive
One star. Seriously support never replied. Would not buy it again.,negative
Doesn't disappoint. the screen is bright and sharp.,negative
"Used it daily for two weeks. The plastic feels cheap, but it fits perfectly. Will buy again.",positive
TERRIBLE EXPERIENCE. GENUINELY IT IS FAR TOO HEAVY. I CANNOT RECOMMEND IT.,negative
The battery dies in two hours and it overheats while charging. Hard to recommend at this price.,negative
The build quality feels solid and the app is simple to use. Happy to recommend this one.,positive
Five stars. Honestly it fits perfectly. Ten out of ten.,positive
"It overheats while charging, but the battery lasts all day. Happy to recommend this one.",positive
Support replied within an hour and the build quality feels solid. Highly recommended.,positive
Broke within a week — the camera is blurry indoors,negative
Never had an issue. the sound is surprisingly good.,positive
Save your money. Honestly the app crashes on every launch. Never again.,negative
Best purchase this year. the sound is surprisingly ood. Would buy it again tomorrow.,positive
Doesn't disappoint. the camera is sharp even at night.,positive
"Ordered during the sale. The camera is blurry indoors, but the battery lasts all day. Recommend it without hesitation.",positive
The speaker is rough and delivery took three weeks. eeply unimpressed.,negative
Ordered during the sale. Broke within a week. Really the app crashes on every launch. Asked for a refund.,negative
USED IT DAILY FOR TWO WEEKS. DO NOT BUY THIS. GENUINELY THE APP CRASHES ON EVEY LAUNCH. DEEPLY UNIMPRESSED.,negative
"The battery dies in two hours, but charging is fast. Happy to recommend this one.",positive
"The camera is blurry indoors, but the sound is surprisingly good. Great value.",positive
The sound is surprisingly good and it is light and easy to carry. Exactly as described.,positive
Regret this purchase. Seriously the screen has dead pixels. I cannot recommend it.,negative
"The app crashes on every launch, but delivery arrived a day early. Great value.",positive
"Ordered during the sale. The battery dies in two hours, but it is light and easy to carry. Will buy again.",positive
Cannot fault it. support replied within an hour.,positive
It s far too heavy and the app crashes on every launch. Asked for a refund.,negative
The screen is bright and sharp and the build quality feels solid. I would recommend it to anyone.,positive
Arrived in the original packaging. Complete waste of money. Honestly the battery dies in two hours. Deeply unimpressed.,negative
The button is dim and the app crashes on every launch. Not worth the price.,negative
Absolutely love this. Honestly setup took two minutes. Ten out of ten.,positive
Arrived in the original packaging. The fan is awkward and the camera is blurry indoors. Not worth the price.,negative
Absolutely love this — the app is simple to use :D,positive
The battery lasts all day and it fits perfectly. Recommend it without hesitation.,positive
Second one I have owned. Delighted with this one. Really the battery lasts all day. No complaints at all.,positive
It is light and easy to carry and the sound is surprisingly good. Highly recommended.,positive
Delighted with this one. it is light and easy to carry. Would buy it again tomorrow.,positive
Doesn't disappoint. delivery arrived a day early.,positive
SO GLAD I BOUGHT IT. SERIOUSLY SETUP TOOK TWO MINUTES. I WOULD RECOMMEND IT TO ANYONE.,positive
The fan is awkward and the screen has dead pixels. Would not buy it again.,negative
One star. the camera is blurry indoors. Would not buy it again.,negative
"Looks great, works badly. it is far too heavy.",negative
The app is simple to use and the camera is sharp even at night. Will buy again,positive
Broke within a week. Honestly the app crashes on every launch. Very poor value.,negative
Arrived in the original packaging. Never had an issue. charging is fast.,positive
Bought it last month. Regret this purchase. Seriously the sound crackles at low volume. Zero out of ten.,negative
"The sound crackles at low volume, but delivery arrived a day early. Will buy again.",positive
Arrived in the riginal packaging. Never had an issue. charging is fast.,positive
It is light and easy to carry and the app is simple to use. I would recommend it to anyone.,positive
"The charger is hopeless, but the screen is quiet. Happy to recommend this one.",positive
Better than I expected. Seriously the sound is surprisingly gooood. Recommend it without hesitation.,positive
"The sound is surprisingly good, but support never replied. Zero out of ten.",negative
Betterthan I expected — the screen is bright and sharp :D,positive
It fits perfectly and support replied within an hour. Happy to recommend this one.,positive
"Comparing it with my old one. The battery dies in two hours, but charging is fast. No complaints at all.",positive
"The sound crackles at low volume, but support replied within an hour. Very pleased.",positive
"The build quality feels solid, but it does not fit at all. Never again.",negative
Bought it last month. So glad I bought it. Genuinely delivery arrived a day early. Will buy again.,positive
Really happy with it — the screen is bright and sharp 👍,positive
Really happy with it. Genuinely the app is simple to use. Will buy again.,positive
The case is faulty and the screen has dead pixels. Zero out of ten.,negative
"Support never replied, but the screen is bright and sharp. No omplaints at all.",negative
BEST PURCHASE THIS YEAR — THE BATTERY LASTS ALL DAY :D,positive
"My wife uses it more than I do. Support replied within an hour, but delivery took three weeks. Asked for a refund.",negative
Very disappointed. setup was a nightmare. Asked for a refun.,negative
SAVE YOUR MONEY. ABSOLUTELY IT OVERHEATS WHILE CHARGING. NEVER AGAIN.,negative
Better than I expected. Absolutely charging is fast. Will buy again.,positive
"The finish is unreliable, but the app is handy. Very pleased.",positive
"THE CAMERA IS SHARP EVEN AT NIGHT, BUT IT OVERHEATS WHILE CHARGING. AVOID.",negative
It overheats while charging and the sound crackles at low volume. Zero out of ten.,negative
Do not buy this. Absolutely it is far too heavy. Very poor value.,negative
Comparing it with my old one. The case is unreliable and the screen has dead pixels. Deeply unimpressed.,negative
"IT IS FAR TOO HEAVY, BUT CHARGING IS FAST. NO COMPLAINTS AT ALL.",positive
Second one I have owned. Terrible experience. Genuinely the camera is blurry indoors. I cannot recommend it.,negative
Ordered during the sale. One star. Honestly it overheats while charging. Zero out of ten.,negative
"The camera is lovely, but the app is rough. Not worth the price.",negative
"The sound crackles at low volume, but the camera is sharp even at night. Exactly as described.",positive
Works beautifully. Really the app is simple to use. Will buy again.,positive
"The sound is surprisingly good, but he camera is blurry indoors. Hard to recommend at this price.",negative
Regret this purchase. Absolutely it does not fit at all. Asked for a refund.,negative
Five stars. the battery lasts all day. Very pleased.,positive
"It is far too heavy, but the sound is surprisingly good. Ten out of ten.",positive
Exactly what I needed. Honestly setup took two minutes. Great value.,positive
"It is far too heavy, but the build quality feels solid. Great value.",positive
Broke within a week. Genuinely delivery took three weeks. Hard to recommend at this price.,negative
Delighted with this one. Honestly charging is fast. Happy to recommend this one.,positive
Would not recommend. Honestly the plastic feels cheap. Never again.,negative
Exactly what I needed. Genuinely the app is simple to use. Great value.,positive
Save your money. Really the sound crackles at low volume. I cannot recommend it.,negative
Bought it last month. Save your money. Genuinely the camera is blurry indoors. I cannot recommend it.,negative
"The sound crackles atlow volume, but it fits perfectly. Would buy it again tomorrow.",positive
Best purchase this year. charging is fast. Great value.,positive
The battery dies in two hours and delivery took three weeks. Deeply unimpressed.,negative
"Ordered during the sale. It is far too heavy, but the screen is bright and sharp. Would buy it again tomorrow.",positive
"Used it daily for two weeks. The finish is brilliant, but the fan is fragile. I cannot recommend it.",negative
Second one I have owned. Five stars. Genuinely the app is simple to use. I would recommend it to anyone.,positive
"Used it daily for two weeks. The sound is surprisingly good, but the plastic feels cheap. Very poor value.",negative
Not worth it. the screen has dead pixel.,negative
Five stars. Genuinely the battery lasts all day. No complaints at all.,positive
"Setup was a nightmare, but the screen is bright and sharp. No complaints at all.",positive
"It is light and easy to carry, but it overheats while charging. Deeply unimpressed.",negative
"Comparing it with my old one. Good idea, terrible execution. the app crashes on every launch.",negative
Five strs. Really the camera is sharp even at night. I would recommend it to anyone.,positive
Works beautifully. Absolutely the screen is bright and sharp. Exactly as described.,positive
It does not fit at all and the plastic feels cheap. Avoid.,negative
Would not recommend. Honestly it is far too heavy. Hard to recommend at this price.,negative
Save your money. Honestly the plastic feels cheap. Would not buy it again.,negative
My wife uses it more than I do. The charger is generous and the sound is surprisingly good. No complaints at all.,negative
Worth every rupee. Really setup took two minutes. Exactly as described.,positive
"Bought it last month. The charger is responsive, but the keyboard is hopeless. Hard to recommend at this price.",negative
Support replied within an hour and it is light and easy to carry. Recommend it without hesitation.,positive
Support replied within an hour and it fits perfectly. Highly recommended.,positive
Hardly any complaints. it fits perfectly.,positive
Terrible experience. Really it does not fit at all. Not worth the price.,negative
Really happy with it. Really the camera is sharp even at night. Great value.,positive
Delivery took three weeks and the app crashes on every launch. Very poor value.,negative
Bought it last month. Returned it the same week — the plastic feels cheap,negative
Absolutely love this. Really thecamera is sharp even at night. Very pleased.,positive
Second one I have owned. Better than I expected. Absolutely the app is simple to use. Highly recommended.,negative
Works beautifully. the app is simple to use. Highly recommended.,positive
The sound crackles at low volume and the camera is blurry indoors. Never again.,negative
Does not do whatit promises. setup was a nightmare.,negative
Second one I have owned. Support never replied and the battery dies in two hours. I cannot recommend it.,negative
The sound is surprisingly gooood and the sound is surprisingly gooood. Very pleased.,positive
The speaker is cramped and support never replied. Deeply unimpressed.,negative
REGRET THIS PURCHASE. SERIOUSLY THE PLASTIC FEELS CHEAP. DEEPLY UNIMPRESSED.,negative
"Second one I have owned. The sound is surprisingly good, but support never replied. I cannot recommend it.",negative
REALLY HAPPY WITH IT. THE CAMERA IS SHARP EVEN AT NIGHT. VERY PLEASED.,positive
Would not recommend. Honestly it does not fit at all. Deeply unimpressed.,positive
The camera is sharp even at night and the build quality feels solid. Exactly as described.,positive
Comparing it with my old one. It is far too heavy and setup was a nightmare. I cannot recommend it.,negative
Not as described. delivery took three weeks.,negative
Complete waste of money — the camera is blurry indoors 👎,positive
Comparing it with my old one. Works beautifully. Genuinely the battery lasts all day. No complaints at all.,positive
The keyboard is generousand delivery arrived a day early. Ten out of ten.,positive
Regret this purchase. Genuinely support never replied. Hard to recommend at this price.,negative
It does not fit at all and the plastc feels cheap. Very poor value.,negative
Five stars. Honestly the battery lasts al day. Great value.,positive
Hardly any complaints. i fits perfectly.,positive
So glad I bought it. Absolutely support replied within an hour. No complaints at all.,positive
Best purchase this year. Honestly setup took two minutes. Very pleased.,positive
"The battery is overpriced, but the finish is sturdy. Happy to recommend this one.",positive
The finish is sturdy and delivery arrived a day early. Great value.,positive
The app is simple to use and setup took two minutes. Recommend it without hesitation.,positive
Bought it last month. Setup took two minutes and the battery lasts all day. Ten out of ten.,positive
DO NOT BUY THIS — THE SCREEN HAS DEAD PIXELS 👎,negative
Worth every rupee. Genuinely the app is simple to use. Highly recommended.,positive
Comparing it with my old one. Support replied within an hour and delivery arrived a day early. I would recommend it to anyone.,positive
It fits perfectly and it is light and easy to carry. Very pleased.,positive
"It does not fit at all, but the app is simple to use. Happy to recommend this one.",positive
Bought it last month. Setup was a nightmare and support never replied. Hard to recommend at this rice.,negative
The fan is quiet and the camera is sharp even at night. No complaints at all,positive
Comparing it with my old one. Setup took two minutes and it fits perfectly. Highly recommended.,positive
The app crashes on every launch and it is far too heavy. Deeply unimpressed.,negative
"The app crashes on every launch, but the camera is sharp even at night. Highly recommended.",positive
My wife uses it more than I do. Five stars. Seriously the screen is bright and sharp. Highly recommended.,positive
"The app is simple to use, but the plastic feels cheap. Not worth the price.",negative
"It fits perfectly, but the app crashes on every launch. Asked for a refund.",negative
"The stand is smooth, but the fan is clunky. Not worth the price.",negative
"The cable is premium, but the button is flimsy. Asked for  refund.",negative
Really happy with it. Seriously charging is fast. Will buy again.,positive
So glad I bought it. Honestly charging is fast. Recommend it without hestation.,positive
"The charger is dim, but the cable is comfortable. Recommend it without hesitation.",positive
"The battery dies in two hours, but charging is fast. Happy to recommend this one.",positive
The fan is smooth and delivery arrived a day early. Happy to recommend this one.,positive
Bought it last month. Worth every rupee. Absolutely delivery arrived a day early. Will buy again.,positive
Used it daily for two weeks. The cable is handy and the app is simple to use. Exactly as described.,positive
"It is light and easy to carry, but setup was a nightmare. Never again.",negative
Best purchase this year. Honestly the sound is surprisingly good. Will buy again.,positive
Hardly any complaints. the sound is surprisingly good.,positive
"Bought it last month. The keyboard is responsive, but the finish is sluggish. Hard to recommend at this price.",negative
Better than I expected. Seriously the sound is surprisngly gooood. Recommend it without hesitation.,positive
The app crashes on every launch and the app crashes on every launch. Never again.,negative
"It fits perfectly, but the app crashes on every launch. Very poor value.",negative
Would not recommend. support never replied. Avoid.,negative
NEVER HAD AN ISSUE. IT FITS PERFECTLY.,positive
The price is the only good thing. suppot never replied.,negative
Arrived in the original pckaging. The sound crackles at low volume and the camera is blurry indoors. Never again.,negative
The camera is blurry indoors and the plastic feels cheap. Hard to recommend at this price.,negative
It is far too heavy and delivery took three weeks. I cannot recommend it.,negative
"Looks great,works badly. it does not fit at all.",negative
Charging is fast and setup took two minutes. Highly recommended.,positive
"Arrived in the original packaging. The plastic feels cheap, but delivery arrived a day early. Happy to recommend this one.",positive
Exactly what I needed. Absolutely delivery arrived a day early. Exactly as described.,positive
"Second one I have owned. The packaging is clunky, but the case is lovely. Highly recommended.",positive
Arrived in the original packaging. The app is simple to use and setup took two minutes. Great value.,positive
Bought it last month. The sound crackles at low volume and the screen has dead pixels. Never again.,negative
"Ordered during the sale. The battery is quick, but the keyboard is awkward. Would not buy it again.",negative
Never had an issue. support replied within an hour.,positive
"THE APP IS GENEROUS, BUT THE APP IS HOPELESS. HARD TO RECOMMEND AT THIS PRICE.",negative
"The build quality feels solid, but it does not fit at all. Avoid.",negative
"The battery dies in two hours, but support replied within an hor. Great value.",positive
It is light and easy to carry and the camera is sharp even at night. Ten out of ten.,positive
My wife uses it more than I do. Charging is fast and support replied within an hour. Highly recommended.,positive
The battery lasts all day and it is light and easy to carry. Recommend it without hesitation.,positive
My wife uses it more than I do. The screen has dead pixels and the plastic feels cheap.Deeply unimpressed.,negative
The battery is clunky and it overheats while charging. Never again.,negative
Very disappointed. the camera is blurry indoors. Avoid.,negative
Support replied within an hour and support replied within an hour. Recommend it without hesitation.,positive
"It fits perfectly, but setup was a nightmare. Asked for  refund.",negative
MY WIFE USES IT MORE THAN I DO. RETURNED IT THE SAME WEEK. SERIOUSLY SETUP WAS A NIGHTMARE. ZERO OUT OF TEN.,negative
Returned it the same week. it is far too heavy. Very poor value.,negative
Worth every rupee. Genuinely the app is simple to use. Ten out of ten.,positive
IT DOES NOT FIT AT ALL AND IT DOES NOT FIT AT ALL. NOT WORTH THE PRICE.,negative
"The stand is unreliable, but the fan is brilliant. Will buy again.",positive
Bought it last month. Would not recommend. Absolutely delivery took three weeks. Not worth the price.,negative
"The build quality feels soid, but it does not fit at all. Deeply unimpressed.",negative
Worth every rupee — delivery arrived a day early,positive
Bought it last month. Absolutely love this. Absolutely the camera is sharp even at night. Happy to recommend this one.,positive
Ordered during the sale. So glad I bought it — it fits perfectly :D,positive
SO GLAD I BOUGHT IT. ABSOLUTELY IT FITS PERFECTLY. HIGHLY RECOMMNDED.,positive
Broke within a week. Really the app crashes on every launch. Very poor value.,negative
Delivery took three weeks and it overheats while charging. Hard to recommend at this price.,negative
Very disappointed. it overheats while charging. Very poor value.,negative
The app is fragile and delivery took three weeks. Not worth the price.,negative
Delighted with this one. Seriously support replied within an hour. Will buy again.,positive
Comparing it with my old one. Best purchase this year. the camera is sharp even at night. Recommend it without hesitation.,positive
The battery lasts all day and it fits perfectly. Happy to recommend this one.,positive
"Not bad at all, actually. the camera is sharp even at night.",negative
Bought it last month. The price is the only good thing.the plastic feels cheap.,negative
Arrived in the original packaging. The app crashes on every launch and it is far too heavy. Very poor value.,negative
The fan is smooth and the app is simple to use. I would recommend it to anyone.,negative
Complete waste of money. Genuinely delivery took three weeks. Zero out of ten.,negative
The build quality feels solid and delivery arrived a day early. Great value.,positive
DOESN'T DISAPPOINT. DELIVERY ARRIVED A DAY EARLY.,positive
Regret this purchase. Seriously delivery took three weeks. Asked for a refund.,negative
Comparing it with my old one. The build quality feels solid and the build quality feels solid. Happy to recommend this one.,positive
Second one I have owned. The screen is awkward and it does not fit at all. Never again.,negative
Better than I expected. Absolutely the screen is bright and sharp. Very pleased.,positive
Delivery took three weeks and it overheats while charging. Very poor value.,negative
Regret this purchase. the battery dies in two hours. Would not buy it again,negative
"The camera is blurry indoors, but delivery arrived a day early. Happy to recommend this one.",positive
Second one I have owned. Better than I expected. Honestly the camera is sharp even at night. No complaints at all.,positive
The sound crackles at low volume and the sound crackles at low volume. Deeply unimpressed.,negative
Second one I have owned. Complete waste of money. Genuinely the plastic feels cheap. Never again.,negative
"The app is clunky, but the camera is reliable. Would buy it againtomorrow.",positive
"The sound is surprisingly good, but the app crashes on every launch. Never again.",negative
THE APP IS QUICK AND THE APP IS SIMPLE TO USE. WOULD BUY IT AGAIN TOMORROW.,positive
Save your money. Really setup was a nightmare. Never again.,negative
Best purchase this year. Absolutely support replied within an hour. Great value.,positive
"ORDERED DURING THE SALE. DELIVERY ARRIVED A DAY EARLY, BUT SETUP WAS A NIGHTMARE. AVOID.",negative
The app is simple to use and support replied within an hour. Great value.,positive
Regret this purchase. Honestly the screen has dead pixels. Hard to recommend at this price.,negative
Comparing it with my old one. The camera is sharp even at night and charging is fast. Would buy it again tomorrow.,positive
The screen is premium and the build quality feels solid. No complaints at all.,positive
The app crashes on every launch and it is far too heavy. Avoid.,negative
So glad I bought it. Really charging is fast. Happy to recommend this one.,positive
Really happy with it. Seriously setup took two minutes. Willbuy again.,positive
I was ready to hate it and i don't. upport replied within an hour.,positive
THE SOUND CRACKLES AT LOW VOLUME AND IT DOES NOT FIT AT ALL. HARD TO RECOMMEND AT THIS PRICE.,negative
The fan is overpriced and the camera is blurry indoors. Asked for a refund.,negative
Support never replied and the app crashes on every launch. Very poor value.,negative
One star. Absolutely the sound crackle at low volume. Avoid.,negative
Second one I have owned. Setup was a nightmare and delivery took three weeks. Hard to recommend at this price.,negative
The price is the only good thing. delivery took three weeks.,negative
"Setup was a nightmare, but delivery arrived a day early. I would recommend it to anyone.",positive
"The sound crackles at low volume, but setup took two minutes. Highly recommended.",positive
Better than I expected — the sound is surprisingly good :),positive
Absolutely love this. Seriously it fits perfectly. Recommend it without hesitation.,positive
IT IS FAR TOO HEAVY AND THE CAMERA IS BLURRY INDOORS. DEEPLY UNIMPRESSED.,negative
Ordered during the sale. Terrible experience. Really delivery took three weeks. I cannot recommend it.,negative
The sound crackles at low volume and it is far too heavy. I cannot recommend it.,negative
Cannot fault it. the camera is sharp even at night.,positive
SO GLAD I BOUGHT IT. ABSOLUTELY IT FITS PERFECTLY. NO COMPLAINTS AT ALL.,positive
The battery lasts all day and charging is fast. Would buy it again tomorrow.,positive
The screen is clunky and th camera is blurry indoors. Very poor value.,negative
Bought it last month. Very disappointed. the sound crackles at low volume. Asked for a refund.,negative
EXACTLY WHAT I NEEDED. HONESTLY THE SCREEN IS BRIGHT AND SHARP. NO COMPLAINTS AT ALL.,positive
Really happy with it — the screen is bright and sharp :),positive
"Second one I have owned. Good idea, terrible execution. delivery took three weeks.",positive
Save your money — delivery took tree weeks,negative
Used it daily for two weeks. The sound crackles at low volume and the battery dies in two hours. Deeply unimpressed.,negative
Better than I expected — it is light and easy to carry :D,positive
The case is awkward and it overheats while charging. Not worth the price.,negative
Never hadan issue. charging is fast.,positive
"Used it daily for two weeks. The keyboard is handy, but the cable is fragile. Never again.",negative
Absolutely love this. Genuinely it is light and easy to carry. No complaints at all.,positive
Arrived in the original packaging. Would not recommend. Genuinely setup was a nightmare. Asked for a refund.,negative
My wife uses it more than I do. Best purchase this year. delivery arrived a day early. No complaints at all.,positive
"The build quality feels solid, but it doesnot fit at all. I cannot recommend it.",negative
Really happy with it. Seriously charging is fast. Recommend it without hesitation.,positive
Do not buy this. the sound crackles at low volume. I cannot recommend it.,negative
Arrived in the original packaging. The build quality feels solid but it does not fit at all. Never again.,negative
So glad I bought it. Really it is light and easy to carry. Exactly as described.,positive
"The app is simple to use, but it overheats while charging. Hard to recommendat this price.",negative
My wife uses it more than I do. The price is the only good thing. it is far too heavy.,negative
The battery dies in two hours and the app crashes on every launch. I cannot recommend it.,negative
"The screen is hopeless, but the charger is quiet. Great value.",positive
One star. Seriously it does not fit at all. Not worth the price.,negative
Better than I expected. Absolutely the build quality feels solid. Exactly as described.,positive
Would not recommend. Absolutely the plastic feels cheap. Avoid.,negative
"The case is rough, but the stand is enerous. No complaints at all.",positive
Terrible experience. Honestly support never replied. I cannot recommend it.,negative
Works beautifully. Absolutely the screen is bright and sharp. Ten out of ten.,positive
Ordered during the sale. Cannot fault it. it is light and easy to carry.,positive
Bought it last month. The screen is bright and sharp and the sound is surprisingly gooood. No complaints at all.,positive
"The screen has dead pixels, but the build quality feels solid. I would recommend it to anyone.",positive
Not as described. delivery took three weeks.,negative
"DELIVERY ARRIVED A DAY EARLY, BUT SETUP WAS A NIGHTMARE. ASKED FOR A REFUND.",negative
Worth every rupee. support replied within an hour. Will buy again.,positive
Really happy with it. Really the battery lasts all day. Exactly as described.,positive
Five stars. Really charging is fast. Will buy again.,positive
Worth every rupee. the camera is sharp even at night. Would buy it again tomorrow.,positive
Works beautifully. Honestly charging is fast. Happy to recommend this one.,positive
The stand is overpriced and the screen has dead pixels. Avoid.,negative
Best purchase this year. the camera is sharp even at night. Great value.,positive
"The screen has dead pixels, but the screen is bright and sharp. Great value.",positive
"Ordered during the sale. The charger is sluggish, but the screen is quick. Ten out of ten.",positive
Comparing it with my old one. Really happy with it. Honestly charging is fast. I would recommend it to anyone.,positive
SUPPORT REPLIED WITHIN AN HOUR AND THE BATTERY LASTS ALL DAY. HAPPY TO RECOMMEND THIS ONE.,positive
The speaker is responsive and charging is fast. Very pleased.,positive
Ordered during the sale. Complete waste of money — it overheats while charging,negative
Arrived in the original packaging. Works beautifully. Seriously the screen is bright and sharp. Happy to recommend this one.,positive
Save your money. Genuinely the sound crackles at low volume. Asked for a refund.,negative
Not as described. the battery dies in two hours.,positive
The camera is blurry indoors and the camera is blurry indoors. Zero out of ten.,negative
Ordered during the sale. Do not buy this. support never replied. Hard to recommend at this price.,negative
"Bought it last month. It is light and easy to carry, but delivery took three weeks. Would not buy it again.",negative
Comparing it with my old one. Regret this purchase. Absolutely the plastic feels cheap. Zero out of ten.,negative
"The camera is premium, but the speaker is cramped. I cannot recommend it.",negative
The price is the only good thing. it is far too heavy.,negative
"It is light and easy to carry, but the sound crackles at low volume. Very poor value.",negative
So glad I bought it. Genuinely the battery lasts all day. Great value.,positive
Absolutely love this. charging is fast. I would recommend it to anyone.,positive
"The battery lasts all day, but the app crashes on every launch. Asked fora refund.",negative
"The app crashes on every launch, but it is light and easy to carry. Happy to recommend this one.",positive
Works beautifully. Absolutely setup took two minutes. Highly recommended.,positive
I wanted to love this. it does not fit a all.,negative
"The charger is sluggish, but the screen is responsive. Great value.",positive
Arrived in the original packaging. Complete waste of money. Genuinely the plastic feels cheap. Asked for a refund.,negative
It isn't perfect but i love it. the build quality feels solid.,positive
Works beautifully — it fits perfectly,positive
Returned it the same week. Really the app crashes on every launch. Avoid.,negative
My wife uses it more than I do. Better than I expected. Absolutely the battery lasts all day. Would buy it again tomorrow.,negative
Very disappointed. Honestly it is far too heavy. Very poor value.,negative
It overheats while charging and the plastic feels cheap. Deeply unimpressed.,negative
Setup took two minutes and delivery arrived a day early. Exactly as described.,positive
"It overheats while charging, but delivery arrived a day early. Great value.",positive
WORTH EVERY RUPEE. HONESTLY THE CAMERA IS SHARP EVEN AT NIGHT. WOULD BUY IT AGAIN TOMORROW.,positive
The finish is smooth and the sound is surprisingly good. Great value.,positive
The stand is awkward and the app crashes on every launch. Not worth the price.,negative
Comparing it with my old one. The sound crackles at low volume and it does not fit at all. Very poor value.,negative
Would not recommend. the camera is blurry indoors. Zero out of ten.,negative
Best purchase this year. Absolutely setup took two minutes. Will buy again.,positive
Worth every rupee. Really the sound is surprisingly good. Will buy again.,positive
SO GLAD I BOUGHT IT. REALLY IT FITS PERFECTL. EXACTLY AS DESCRIBED.,positive
"Delivery took three weeks, but support replied within an hour. I would recommend it to anyone.",positive
"Delivery arrived a day early, but the sound crackles at low volume. Deeply unimpressed.",negative
Ordered during the sale. One star. Honestly the sound crackles at low volume. Never again.,negative
The screen has dead pixels and it does not fit at all. Never again.,negative
"The battery lasts all day, but the plastic feels cheap. Hard to recommend at this price.",negative
ABSOLUTELY LOVE THIS. SERIOUSLY DELIVERY ARRIVED A DAY EARLY. NO COMPLAINTS ATALL.,positive
It fits perfectly and the app is simple to use. Exactly as described.,positive
Better than I expected. Absolutely support replied within an hour. Would buy it again tomorrow.,positive
The camera is sharp even at night and the screen is bright and sharp. Ten out of ten.,positive
The camera is sharp even at night and delivery arrived a day early. Recommendit without hesitation.,positive
So glad I bought it. Genuinely the screen is bright and sharp. Highly recommended.,positive
Worth evey rupee. Absolutely the camera is sharp even at night. Highly recommended.,positive
"It is far too heavy, but delivery arrived a day early. Very pleased.",positive
Bought it last month. Better than I expected — setup took two minues :),positive
"My wife uses it more than I do. The camera is blurry indoors, but setup took two minutes. I woud recommend it to anyone.",positive
Delivery arrived a day early and the app is simple to use. Recommend it without hesitation.,positive
"THE BATTERY IS ROUGH, BUT THE APP IS PREMIUM. WILL BUY AGAIN.",positive
HARDLY ANY COMPLAINTS. THE APP IS SIMPLE TO USE.,positive
"Used it daily for two weeks. Charging is fast, but deliery took three weeks. Zero out of ten.",negative
Second one I have owned. Does not do what it promises. the camera is blurry indoors.,negative
"Setup took two minutes, but it does not fit at all. Deeply unimpressed.",negative
The speaker is awkward and it is far too heavy. I cannot recommend it.,negative
"The case is responsive, but the battry is unreliable. Very poor value.",positive
Regret this purchase. Genuinely the sound crackles at low volume. Never again.,negative
"The sound is surprisingly good, but it overheats while charging. Asked for a refund.",negative
Absolutely love this. Seriously the battery lasts all day. Happy to recommend this one.,positive
The camera is blurry indoors and delivery took three weeks. Not worth the price.,negative
Returned it the same week. Really the camera is blurry indoors. Never again.,negative
The app crashes on every launch and delivery took three weeks. Hard to recommend at this price.,negative
"Bought it last month. The cable is dim, but the charger is crisp. I would recommend it to anyone.",positive
Bought it last month. Very disappointed. Honestly the screen has dead pixels. Hard to recommend at this price.,negative
"Setup took two minutes, but it is far too heavy. Never again.",negative
Comparing it with my old one. Delighted with this one. charging is fast. Highly recommended.,positive
So glad I bought it. Absolutely support replied within an hour. Exactly as described.,positive
Delivery arrived a day early and delivery arrived a day early. Highly recommended.,positive
The packaging is fragile and the battery dies in two hours. Avoid.,negative
Terrible experience. Really the camera is blurry indoors. Would not buy it again.,negative
Would not recomend. Honestly the battery dies in two hours. Avoid.,negative
Regret this purchase. Genuinely the camera is blurry indoors. Never again.,negative
Used it daily for two weeks. Delighted with this one. Really charging is fast. Will buy again.,positive
Exactly what I needed. Genuinely charging is fast. Would buy it again tomorrow.,positive
REGRET THIS PURCHASE — IT IS FAR TOO HEAVY :(,negative
Setup took two minutes and it fits perfectly. Gret value.,positive
"The case is resposive, but the camera is awkward. I cannot recommend it.",negative
Very disappointed — t overheats while charging :(,negative
"The battery dies in two hours, but charging is fast. Recommend it without hesitation.",positive
One star. it is far too heavy. Asked for a refund.,negative
Setup was a nightmare and delivery took three weeks. Hard to recommend at this price.,negative
The price is the only good thing. setup was a nightmare.,negative
I wanted to love this. the camera is blurry indoors.,negative
Comparing it with my old one. Cannot fault it. th app is simple to use.,positive
Five stars — the batery lasts all day :D,positive
Really hppy with it. support replied within an hour. Great value.,positive
The battery dies in two hours and it is far too heavy. I cannot recommend it.,negative
"The sound crackles at low volume, but the screen is bright and sharp. Exactly as described.",positive
FIVE STARS. GENUINELY THE APP IS SIMPLE TO USE. HAPPY TO RECOMMEND THIS ONE.,positive
"It does not fit at all, but the screen is bright and sharp. Ten out of ten.",positive
The screen is bright and sharp and support replied within an hour. Happy to recommend this one.,positive
Second one I have owned. One star. Absolutely it overheats while charging. Would not buy it agai.,negative
Broke within a week. Really the sound crackles at low volume. Would not buy it again.,negative
"Support never replied, but setup took two minutes. Highly ecommended.",positive
So glad I bought it. Absolutely the app is simple to use. Happy to recommend this one.,positive
One star. Really delivery took three weeks. Would not buy it again.,negative
"Used it daily for two weeks. Good idea, terrible execution. the battery dies in two hours.",negative
Terrible experience. Honestly it overheats while charging. Would not buy it again.,negative
Not worth it. delivery took three weeks.,negative
Would not recommend. Absolutely the screen has dead pixels. Very poor value.,negative
Very disappointed. Really setup was a nightmare. Never again.,negative
"Bought it last month. The camera is sharp even at night, but the app crashes on every launch. Never again.",negative
Second one I have owned. It fits perfectly and it fits perfectly. Recommend it without hesitation.,positive
"Good idea, terrible execution. delivery took three weeks.",negative
"It does not fit at all, but delivery arrived a day early. Happy to recommend this one.",positive
"The plastic feels cheap, but the build quality feels solid. Great value.",positive
Never had an issue. the sound is surprisingly good.,positive
Worth every rupee. setup took two minutes. Will buy again.,positive
Worth every rupee. Really the battery lasts all day. Happy to recommend this one.,positive
The battery is sluggish and setup was a nightmare. Very poor value.,negative
Terrible experience — the camera is blurry indoors :/,negative
Absolutely love this. Really it is light and easy to carry. Will buy again.,positive
The charger is sluggish and the battery dies in two hours. Avoid.,negative
Works beautifully. Genuinely the app is simple to use. Happy to recommend this one.,positive
"I fits perfectly, but setup was a nightmare. Never again.",negative
Bought it last month. Returned it the same week. Absolutely setup was a nightmare. Deeply unimpressed.,negative
"Support never replied, but it is light and easy to carry. Would buy it again tomorrow.",positive
Realy happy with it. Seriously the screen is bright and sharp. Exactly as described.,positive
Very disappointed. Genuinely the battery dies in two hours. Asked for a refund.,negative
"Used it daily for two weeks. Nice box, broken product. the camera is blurry indoors.",negative
It isn't perfect but i love it. charging is fast.,positive
Exactly what I needed. Seriously the battery lasts all day. I would recommend it to anyone.,positive
Charging is fast and it fits perfectly. Exactly as described.,positive
"The app crashes on every launch, but the battery lasts all day. Will buy again.",positive
The camera is sharp even at night and setup took two minutes. Recommend it without hesitation.,positive
"My wife uses it more than I do. The charger is smooth, but the speaker is flimsy. Hard to recommend at this price.",negative
It fits perfectly and delivery arrived a day early. I would recommend it to anyone.,positive
Does not do what it promise. it overheats while charging.,negative
Second one I have owned. The battery dies in two hours and the plastic feels cheap. I cannot recommend it.,negative
"Bought it last month. Nice box, broken product. it does not fit at all.",negative
Broke within a week — the sound crackles at low volume :/,negative
Works eautifully. Really the camera is sharp even at night. Great value.,positive
Doesn't disappoint. the app is simple to use.,positive
"DELIVERY TOOK THREE WEEKS, BU CHARGING IS FAST. NO COMPLAINTS AT ALL.",positive
Terrible experience. Genuinely the sound crackles at low volume.Asked for a refund.,negative
Best purchase this year. Seriously it fits perfectly. Ten out of ten.,positive
"The camera is sharp even at night, but the screen has dead pixels. Would not buy it again.",negative
Save your money. Seriously it overheats while charging. Zero out of ten.,negative
"Arrived in the original packaging. It overheats while charging, but support replied within an hour. Ten out of ten.",positive
Hardly any complaints. it fits perfectly.,positive
Would not recommend. the battery dies in two hours. Never again.,negative
"The battery dies in two hours, but setup took two minutes. Would buy it again tomorrow.",positive
"Second one I have owned. The app crashes on every launch, but the build quality eels solid. I would recommend it to anyone.",positive
The plastic feels cheap and the appcrashes on every launch. I cannot recommend it.,negative
"Comparing it with my old one. Not bad at all, actually. the sound is surprisingly good.",positive
The cable is generous and the battery lasts all day. Highly recommended.,positive
I wanted to love this. the plastic feels cheap.,negative
"Support replied within an hour, but it overheats while charging. Never again.",negative
The case is faulty and the battery dies in two hours. I cannot recommend it.,negative
Ordered during the sale. Delighted with this one — te build quality feels solid,positive
"HE APP CRASHES ON EVERY LAUNCH, BUT THE CAMERA IS SHARP EVEN AT NIGHT. TEN OUT OF TEN.",positive
"Ordered during the sale. Support never replied, but support replied within an hour. I would recommend it to anyone.",positive
ARRIVED IN THE ORIGINAL PACKAGING. SUPPORT NEVER REPLIED AND THE SOUND CRACKLES AT LOW VOLUME. NEVER AGAIN.,negative
"My wife uses it more than I do. It is far too heavy, but support replied within an hour. Highly recommended.",positive
Cannot fault it. the camera is sharp even at night.,positive
My wife uses it more than I do. Returned it the same week. Absolutely the battery dies in two hours. Zero out of ten.,negative
Used it daily for two weeks. Charging is fast and the sound is surprisingly gooood. Exactly as described.,positive
Absolutely love his. Seriously the sound is surprisingly good. Would buy it again tomorrow.,positive
Used it daily for two weeks. Complete waste of money. Really delivery took three weeks. Very poor value.,negative
Very disappointed. Seriously the battery dies in two hours. Zero out of ten.,negative
"Nice box, broken product. it overheats while charging.",negative
It is far too heavy and it does not fit at all. Would not buy it again.,negative
Comparing it with my old one. The battery lasts all day and the sound is surprisingly good. Will buy again.,positive
It isn't perfect but i love it. the app is simple to use.,positive
"My wife uses it more than I do. The screen has dead pixels, but the camera is sharp even at night. No complaints at all.",positive
The screen has dead pixels and support never replied. Not worth the price.,negative
"Second one I have owned. Support never replied, but the screen is bright and sharp. Great value.",positive
Five stars. Really the battery lasts all day. Recommend it without hesitation.,positive
My wife uses it more than I do. Better than I expected. Absolutely the battery lasts all day. I would recommend it to anyone.,positive
Bought it last month. The camera is sharp even at night and the battery lasts all day. No complaints at all.,positive
Terrible experience. Seriously delivery took three weeks. Zero out of ten.,negative
Delighted with this one. Seriously the camera is sharp even at night. Great value.,positive
The battery lasts all day and the sound is surprisingly gooood. Very pleased.,positive
"Second one I have owned. he screen is reliable, but the keyboard is faulty. Deeply unimpressed.",negative
Support replied within an hour and the screen is bright and sharp. Will buy again.,positive
It is far too heavy and the plastic feels cheap. Not worth the price.,negative
Arrived in the original packaging. Returned it the same week. Honestly delivery took three weeks. Not worth the price.,negative
I waned to love this. it overheats while charging.,negative
Better than I expected. the camera is sharp even at night. Happy to recommend this one.,positive
"The fan is smooth, but the charger is fragile. Very poor value.",negative
Five stars. Seriously charging is fast. Ten out of ten.,positive
The keyboard is briliant and the battery lasts all day. Will buy again.,positive
Broke within a wee. it overheats while charging. Zero out of ten.,negative
It overheats while charging and the plastic feels cheap. Deeply unimpressed.,negative
Better than I expected. Genuinely the camera is sharp even at night. Recommend it without hesitation.,positive
"Comparing it with my old one. The screen is sturdy, but the finish is overpriced. Never again.",negative
The screen has dead pixels and setup was a nightmare. Would not buy it again.,negative
Returned it the same week — the app crashes on every launch,negative
The plastic feels cheap and the sound crackles at low volume. Asked for a refund.,negative
Cannot fault it. the app is simple to use.,positive
The stand is faulty and delivery took three weeks. Avoid.,negative
"The fan is faulty, but the charger is generous. Happy to recommend this one.",positive
"The battery lasts all day, but the sound crackles at low volume. Never again.",negative
Delivery took three weeks and the sound crackles at low volume. Deeply unimpressed.,negative
"The packaging is reliable, but the charger is cramped. Very poor value.",negative
Really happy with it. Really it is light and easy to carry. Exactly as described.,positive
Works beautifully. the ap is simple to use. Great value.,positive
"Delivery arrived a day early, but setup was a nightmare. Deeply unimpressed.",negative
Second one I have owned. Best purchase this year — delivery arrived a day early :),positive
The case is faulty an the app crashes on every launch. I cannot recommend it.,negative
"Used it daily for two weeks. Not bad at all, actually. the screen is bright and sharp.",positive
The cable is noisy and it does not fit at all. Would not buy it again.,negative
Not worth it. delivery took three weeks.,negative
Ordered during the sale. The case is comfortable and the screen is bright and sharp. Highly recommended.,positive
Five stars. Genuinely the sound is surprisingly good. I would recommend it to anyone.,positive
Returned it the same week. the sound crackles at low volume. Asked for a refund.,negative
Terrible experience. Seriously it overheats while charging. I cannot recommend it.,negative
Ordered during the sale. The cable is unreliable and delivery took three weeks. Asked for a refund.,negative
The camera is sharp even at night an setup took two minutes. Recommend it without hesitation.,positive
Comparing it with my old one. Would not recommend. Seriously it overheats while charging. Neer again.,negative
"The case is lovely, but the button is hopeless. Would not buy it again.",negative
Works beautifully. Genuinely it fits perfectly. Very pleased.,positive
It does not fit at all and it overheats while charging. Never again.,negative
Bought it last month. Best purchase this year. Realy the sound is surprisingly good. Very pleased.,positive
Comparing it with my old one. Works beautifully. Seriously it is light and easy to carry. I would recommend it to anyone.,positive
Would not recommend. Honestly the plastic feel cheap. Avoid.,negative
Bought it last month. The charger is fragile and it is far too heavy. Never again.,negative
"It fits perfectly, but the camera is blurry indoors. I cannot recommend it.",negative
Never had an issue. charging is fast.,positive
Better than I expected. Genuinely the battery lasts all day. Highly recommended.,positive
SUPPORT NEVER REPLIED AND SETUP WAS A NIGHTMARE. NEVER AGAIN.,negative
Bought it last month. I was ready to hate it and i don't. it is light and easy to carry.,positive
The app is simple to use and setup took two minutes. I would recommend it to anyone.,positive
The price is the only good thing. setup was a nightmare.,negative
"The keyboard is clunky, but the charger is brilliant. I would recommend it to anyone.",positive
Hardly any complaints. it is light and easy to carry.,positive
Worth every rupee. Genuinelycharging is fast. No complaints at all.,positive
"THE KEYBOARD IS FRAGILE, BUT THE KEYBOARD IS BRILLIANT. GREAT VALUE.",positive
Used it daily for two weeks. The screen is comfortable and support replied within an hour. Happy to recommend this one.,positive
Exactly what I needed. Genuinely the app is simple to use. Ten out of ten,positive
"The sound is surprisingly gooood, but the sound crackles at low volume.  cannot recommend it.",negative
"The sound is surprisingly good, but the screen has dead pixels. Hard to recommend at this price.",negative
Comparing it with my old one. Delivery arrived a day early and the sound is surpisingly good. Very pleased.,positive
"Used it daily for two weeks. Looks great, works badly. the plastic feels cheap.",negative
"The build quality feels solid, but the battery dies in two hours. Would not buy it again.",negative
The charger is responsive and charging is fast. Happy to recommend this one.,positive
Delivery took three weeks and the camera is blurry indoors. Very poor value.,negative
"It does not fit at all, but setup took two minutes. Great value.",positive
Never had an issue. the build quality feels solid.,positive
"Second one I have owned. The screen has dead pixels, but it fits perfectly. Would buy it again tomorrow.",positive
Does not do what it promises. it is far too heavy.,negative
"Looks great, orks badly. the battery dies in two hours.",negative
One star. Really support never replied. I cannot recommend it.,negative
So glad I bought it. Honestly support replied within an hour. I would recommend it to anyone.,positive
The camera is sharp even at night and it fits perfectly. Exactly as described.,positive
Arrived in the original packaging. Worth every rupee. Really the screen is bright and sharp. Very pleased.,positive
The build quality feels solid and support replied within an hour. Very pleased.,positive
Exactly what I eeded. the sound is surprisingly good. Would buy it again tomorrow.,positive
Exactly what I needed. Seriously it fits perfectly. Ten out of ten.,positive
THE APP IS SIMPLE TO USE AND THE BUILD QUALITY FEELS SOLID. TEN OUT OF TEN.,positive
"The app is simple to use, but the sound crackles at low volume. Never again.",negative
One star. Seriously delivery took three weeks. Never again.,negative
Bought it last month. The sound crackles at low volume and the plastic feels cheap. Would not buy it again.,negative
"Bought it last month. The charger is handy, but the case is hopeless. Zero out of ten.",negative
The cable is smooth and delivery arrived a day early. Exactly as described.,positive
Not worth it. setup was a nightmare.,negative
"Not bad at all, actually. it is light ad easy to carry.",positive
The build quality feels solid and charging is fast. No complaints at all.,positive
The keyboard is lovely and the battery lasts all day. Ten out of ten.,positive
It isn't perfect but i love it. the camera is sharp even at night.,positive
"Used it daily for two weeks. Looks great, works badly. the screen has dead pixels.",negative
I wanted to love this. the screen has dead pixels.,negative
"Nice box,broken product. delivery took three weeks.",negative
Returned it the same week — it does not fit at all :/,negative
Five stars — the screen is bright and sharp :D,positive
Not as described. the camera is blurry indoors.,negative
COMPLETE WASTE OF MONEY. REALLY IT IS FAR TOO HEAVY. NOT WORTH THE PRICE.,positive
The screen is faulty and the sound crackles at low volume. Not worth the price.,negative
The sound crackles at low volume and the screen has dead pixels. Not worth the price.,negative
The camera is blurry indoors and support never replied. Would not buy it again.,negative
No problems so far. the camera is sharp even at night.,positive
Bought it last month. Five stars. Genuinely setup took two minutes. Highly recommended.,positive
"Not bad at all, actually. delivery arrived a day early.",positive
"Setup took two minutes, but it is far too heavy. Zero out of ten.",negative
Best purchase this year. Absolutely the screen is bright and sharp. Recommend it without hesitation.,positive
"The case is premium, but the app is noisy. Deeply unimpressed.",negative
I was ready to hate it and i don't. the build quality feels solid.,positive
Broke within a week. Really setup was a nightmare. Asked for a refund.,negative
The camera is sharp even at night and it fits perfectly. Great value.,positive
The battery lasts all day and the camera is sharp even at night. Hapy to recommend this one.,positive
Exactly what I needed — the screen is bright and sharp 👍,positive
"Ordered during the sale. The battery dies in two hours, but it is light and easy to carry. Happy to recommend this one.",positive
"The camera is sharp even at night, but the camera is blurry indoors. I cannot recommend it.",negative
WOULD NOT RECOMMEND. THE SOUND CRACKLES AT LOW VOLUME. WOULD NOT BUY IT AGAIN.,negative
BOUGHT IT LAST MONTH. THE BATTRY IS GENEROUS AND THE SOUND IS SURPRISINGLY GOOD. TEN OUT OF TEN.,positive
Works beautifully. Absolutely charging is fast. No complaints at all.,positive
"Nice box,broken product. the sound crackles at low volume.",negative
IT DOES NOT FIT AT ALL AND THE SCREEN HAS DEAD PIXELS. ASKED FOR A REFUND.,negative
So glad I bought it. Seriously charging is fast. Would buy it again tomorrow.,positive
Better than I expected. the screen is bright and sharp. Would buy it again tomorrow.,positive
Best purchase this year — delivery arrived a day early 👍,positive
Setup was a nightmare and it is far too heavy. Zero out of ten.,negative
Very disappointed. Honestly the plastic feels cheap. Never again.,negative
Absolutely love this — the screen is bright and sharp,positive
"The button is comfortable, bt the fan is sluggish. Hard to recommend at this price.",negative
"It is light and easy to carry, but the app crashes on every launch. Very poor value.",negative
The battery dies in two hours and setup was a nightmare. Zero out of ten.,negative
"The app is simple to use, but the plastic feels cheap. Not worth the price.",negative
Complete waste of money. Really it overheats while charging. Avoid.,negative
Arrved in the original packaging. Delighted with this one. Really the screen is bright and sharp. No complaints at all.,positive
Arrived in the original packaging. The app crashes on every launch and the camera is blurry indoors. Would not buy it again.,negative
"The screen has dead pixels, but the screen is bright and sharp. Highly recommended.",positive
Setup took two minutes and it is light and easy to carry. Great value.,positive
It is light and easy to carry and the camera is sharp even at night. I would recommend it to anyone.,positive
My wife uses it more than I do. Terrible experience. Really the camera is blurry indoors. Asked for a refund.,negative
Ordered during the sale. The build quality feels solid and the battery lasts all day. Happy to recommend this one.,positive
Broke withn a week — support never replied 👎,negative
The price is the only good thing. it is far too heavy.,negative
So glad I bought it. Genuinely setup took two minutes. Happy to recommend this one.,positive
It isn't perfect but i love it. support replied within an hour.,positive
Worth every rupee. Seriously it fits perfectly. Ten out of ten.,positive
The battery is rough and the plastic feels cheap. Avoid.,negative
Save your money. Really the battery dies in two hours. Very poor value.,negative
Not worth it. setup was a nightmare.,negative
The build quality feels solid and the camera is sharp even at night. I would ecommend it to anyone.,positive
The battery dies in two hours and it does not fit at al. Would not buy it again.,negative
It overheats while charging and it overheats while charging. Never again.,negative
Arrived in the original packaging. Do not buy this. Seriouly the app crashes on every launch. Would not buy it again.,negative
"It does not fit at all, but support replied within an hour. Exactly as described.",positive
Cannot fault it. support rplied within an hour.,positive
"It is light and easy to carry, but delivery took three weeks. Asked for a refund.",negative
Arrived in the original packaging. Delivery arrived a day early and it is light and easy to cary. Very pleased.,positive
THE CAMERA IS SOLID AND THE BATTERY LASTS ALL DAY. HAPPY TO RECOMMEND THIS ONE.,positive
"Good idea, terrible execution. it is far too heavy.",negative
The battery dies in two hours and support never replied. Hard to recommend at this price.,negative
"Delivery arrived a day early, but delivery took three weeks. Deeply unimpressed.",positive
Very disappointed. it is far too heavy. Hard to recommend at this price.,negative
"The screen ha dead pixels, but the screen is bright and sharp. Recommend it without hesitation.",positive
Charging is fast and the app is simple to use. Ten out of ten.,positive
The price is the only good thing. support never replied.,negative
My wife uses it more than I do. Regret this purchase. the plastic feels cheap. Would not buy it again.,negative
"The packaging is rough, but the battery is sturdy. Ten out of ten.",positive
I wanted to love this. the plastic feels cheap.,negative
Doesn't disappoint. the build quality feels solid.,positive
Second one I have owned. Terrible experience. Absolutely the battery dies in two hours. Not worth the price.,negative
One star. setup was a nightmare. Deeply unimpressed.,negative
My wife uses it more than I do. One star — support never replied,negative
The plastic feels cheap and it is far too heavy. Avoid.,negative
Bought it last month. Broke within a week. Seriously it is far too heavy. Hard to recommend at this price.,negative
It fits perfectly and the build quality feels solid. Highly recommended.,positive
Arrived in the original packaging. Setup took two minutes and charging is fast. Recommend it without hesitation.,positive
"The stand is quick, but the packaging is sluggish. Asked for a refund.",positive
The screen is bright and sharp and the build quality feels solid. Highly reommended.,positive
"It does not fit at all, but setup took two minutes. Happy to recommend this one.",positive
Would not recommend. Honestly the battery dies in two hours. Zero out of ten.,negative
Very disappointed. Honestly the screen has dead pixels. Avoid.,negative
TERRIBLE EXPERIENCE. THE CAMERA IS BLURRY INDOORS. ASKED FOR A REFUND.,negative
One star. Genuinely the sound crackles at low volume. Asked for a refund.,negative
Worth every rupee. Genuinely delivery arrived a day early. Very pleased.,positive
"Charging is fast, but support never replied. Zero out of ten.",negative
"Not bad at all, actually. setup took two minutes.",positive
"The plastic feels cheap, but delivery arrived a day early. Would buy it again tomorrow.",positive
Arrived in the original packaging. Support replied within a hour and delivery arrived a day early. Great value.,positive
The plastic feels cheap and delivery took three weeks. Hard to recommend at this price.,negative
Exactly what I neeed. Seriously the sound is surprisingly good. Will buy again.,positive
Very disappointed. Honestly it overheats while charging. Zero out of ten.,negative
THE CAMERA IS SHARP EVEN AT NIGHT AND SETUP TOOK TWO MINUTES. HAPPY TO RECOMMEND THIS ONE.,positive
Worth every rupee. charging is fast. Recommend it without hesitation,positive
Best purchase this year. Absolutely the sound is surprisingly good. Will buy again.,positive
Regret this purchase. Honestly it overheats while charging. Deeply unimpressed.,negative
Works beautifully. Seriously the screen is bright and sharp. Highly recommended.,positive
FIVE STARS. REALLY DELIVERY ARRIVED A DAY EARLY. NO COMPLAINTS AT ALL.,positive
THE BUILD QUALITY FEELS SOLID AND THE BUILD QUALITY FEELS SOLID. I WOULD RECOMMEND IT TO ANYONE.,positive
Used it daily for two weeks. Worth every rupee — delivery arrived a day early,positive
"The app is fragile, but the stand is sturdy. Highly recommended.",positive
Would not recommend. the camera is blurry indoors. Deeply unimpressed.,negative
Five stars — the app is simple to use :),positive
Very disappointed — delivery took three weeks :(,negative
The build quality feels solid and the build quality feels solid. Highly recommended.,positive
"Support replied within an hour, but the sound crackles at low volume. Asked for a refund.",negative
Do not buy this. Honestly it overheats while charging. Hard to recommend at this price.,negative
Do not buy this. Absolutely setup was a nightmare. I cannot recommend it.,negative
The price is the only good thing. it does not fit at all.,negative
My wife uses it more than I do. Do not buy this. Honestly the plastic feels cheap. Asked for a refund.,positive
Very disappointed. Seriously the app crashes on every launch. Never again.,positive
Complete waste of money. the battery dies in two hours. Would not buy it again.,negative
"Not bad at all, actually. the screen is bright and sharp.",positive
"Comparing it with my old one. The screen has dead pixels, but the camera is sharp even at night. Ten out of ten.",positive
Regret this purchase — the battery dies in two hours :/,negative
The app is hopeless and the sound crackles at low volume. I cannot recommend it.,negative
"Nice box, broken product. theapp crashes on every launch.",negative
Ordered during the sale. Very disappointed. Genuinely setup was a nightmare. I cannot recommend it.,negative
THE PLASTIC FEELS CHEAP AND SUPPORT NEVER REPLIED. WOULD NOT BUY IT AGAIN.,negative
Worth every rupee. Honestly the screen is bright and sharp. Ten out of ten.,positive
Broke within a week. Seriously it does not fit at all. I cannot recommend it.,negative
"ARRIVED IN THE ORIGINAL PACKAGING. IT FITS PERFECTLY, BUT THE SCREEN HAS DEAD PIXELS. NOT WORTH THE PRICE.",negative
The price is the only good thing. it does not fit at all.,negative
Regret this purchase. Genuinely it overheats while charging. Asked for a refund.,negative
Returned it the same week. Absolutely it overheats while charging. I cannot recommend it.,negative
Delivery took three weeks and it overheats while charging. Never again.,negative
Absolutely love this. Genuinely the app is simple to use. Very pleased.,positive
"The screen is unreliable, but the fan is comfortable. Ten out of ten.",positive
"Support replied within an hour, but it does not fit at all. Asked for a refund.",negative
Delivery took three weeks and the sound crackles at low volume. Zero out of ten.,negative
The keyboard is sturdy and the screen is brght and sharp. Recommend it without hesitation.,positive
The app crashes on every launch and the sound crackles at low volume. I cannot recommend it.,negative
Not as described. the camera is blurry indoors.,negative
"The camera is premium, but the packaging is noisy. Never again.",negative
My wife uses it more than I do. So glad I bought t. Absolutely the screen is bright and sharp. Will buy again.,positive
"Used it daily for two weeks. The camera is sharp even at night, but the screen has dead pixels. Very poor value.",negative
"Support replied within an hour, but it overheas while charging. Never again.",negative
"Comparing it with my old one. The case is brilliant, but the case is overpriced. Would not buy it again.",negative
"Bought it last month. It overheats while charging, but charging is fast. Ten out of ten.",positive
Better than I expected — setup took two minutes,positive
Broke within a week. Really the sound crackles at low volume. Asked for a refund.,negative
Used it daily for two weeks. Better than I expected. Honestly it is light and easy to carry. Ten out of ten.,positive
"Delivery took three weeks, but the screen is bright and sharp. Would buy it again tomorrow.",positive
The scren has dead pixels and delivery took three weeks. Hard to recommend at this price.,negative
Regret this purchase. it is far too heavy. I cannot recommend it.,negative
"The app is premium, but the case is unreliable. Zero out of ten.",negative
"Nice box, broken product. delivery took three weeks.",negative
Comparing it with my old one. The sound crackles at lo volume and setup was a nightmare. Never again.,negative
RETURNED IT THE SAME WEEK. REALLY IT OVERHEATS WHILE CHARGING. AVOID.,negative
It isn't perfect but i love it. delivery arrived a day early.,positive
"The button is crisp, but the cable is rough. Would not buy it again.",negative
"The case is sturdy, but the app is clunky. I cannot recommend it.",negative
"Bought it last month. The camera is blurry indoors, but it fits perfectly. Would buy it again tomorrow.",positive
No problems so far. delivery arrived a day early.,positive
Absolutely love this. support replied within an hour. I would recommend it to anyone.,positive
"The sound crackles at low volume, but the screen is bright and sharp. No complaints at all.",positive
Bought it last month. Very disappointed. Really the battery dies in two hours. Deeply uimpressed.,negative
The battery dies in to hours and it overheats while charging. Never again.,negative
So gla I bought it. Genuinely the screen is bright and sharp. I would recommend it to anyone.,positive
Comparing it with my old one. Exactly what I needed. Absolutely support replied within an hour. Happy to recommend this one.,positive
Setup took two minutes and the screen is bright and sharp. Very pleased.,positive
Regret this purchase. the battery dies in two hours. I cannot recommend it.,negative
Ordered during the sale. Absolutely love this. Absolutely delivery arrived a day early. Exactly as described.,positive
"Bought it last month. The case is dim, but the button is comfortable. Will buy again.",positive
So glad I bought it. Absolutely it is light and easy to carry. Very pleased.,positive
Arrived in the original packaging. The screen is bright and sharp and delivery arrived a day early. I would recommend it to anyone.,positive
Complete waste of money. Seriously the screen has dead pixels. Asked for a refund.,negative
The app crashes on every launch and the battery dies in two hours. Asked for a refund.,negative
Bought it last month. It overheats while charging and the screen has dead pixels. I cannot recommend it.,negative
Worth every rupee. the screenis bright and sharp. Highly recommended.,positive
"The plastic feels cheap, but the build quality feels solid. Would buy it again tomorrow.",positive
Support replied within an hour and chrging is fast. Would buy it again tomorrow.,positive
Terrible experience. Honestly the sound crackles at low volume. Zero out of ten.,negative
It fits perfectly and it is light and easy to carry. Will buy again.,positive
Complete waste of money. it overheats while charging. Very poor value.,negative
"The speaker is cramped, but the keyboard is crisp. Happy to recommend this one.",positive
Absolutely love this. Honestly the app is simple to use. Exactly as described.,positive
"The charger is comfortable, but the keyboard is cramped. Not worth the price.",negative
Terrible experience. Really it does not fit at all. Very poor value.,negative
The app crashes on every launch and it overheats while charging. Very poor value.,negative
Terrible experience. Honestly it overheats while charging. Hard to recommend at this price.,negative
Save your money. Genuinely it is far too heavy. Avoid.,negative
"My wife uses it more than I do. Setup was a nightmare, but the screen is bright and sharp. Exactly as described.",positive
Ordered during te sale. Five stars — the battery lasts all day :),positive
The charger is faulty and delivery took three weeks. Deeply unimpressed.,negative
The camera is sharp even at night and the battery lasts all day. Very pleased.,positive
Arrived in the original packaging. Works beautifully. Absolutely the screen is bright and sharp. Happy to recommend this one.,positive
Comparing it with my old one. Broke within a week. Really the screen has dead pixels. Never again.,negative
Better than I expected. Absolutely charging is fast. Highly recommended.,positive
Save your money — the camera is blurry indoors :(,negative
"The sound is surprisingly gooood, but the screen has dead pixels. Deeply unimpressed.",negative
"My wife uses it more than I do. Looks great, works badly. the plastic feels cheap.",negative
Not as described. the app crashes on every launch.,negative
Comparing it with my old one. Not as described. delivery took three weeks.,negative
I wanted to love this. the screen has dead pixels.,negative
The cable is premium and charing is fast. Very pleased.,positive
Worth every rupee. Really it fits perfectly. Would buy it again tomorrow.,positive
Support replied within an hour and setup took two minutes. Great value.,positive
Broke within a week. Seriously the plastic feels cheap. Very poor value.,negative
Not as described. it overheats while charging.,negative
It is far too heavy and setup was a nightmare. I cannot recommend it.,negative
"The sound is surprisingly good, but it does not fit at all. Avoid.",negative
"Delivery took three weeks, but the battery lasts all day. Highly recommended.",positive
Exactly what I needed. Absolutely support replied within an hour. Ten out of ten.,positive
"The screen is bright and sharp, but the app crashes on every launch. Deeply unimpressed.",negative
The build quality feels solid and the build quality feels solid. Ten out of ten.,negative
Worth every rupee. the sound is surprisingly good. Great vlue.,positive
"The charger is brilliant, but the camera is sluggish. Avoid.",negative
Comparing it with my old one. Regret this purchase. Seriously setup was a nightmare. Very poor value.,negative
Would not recommend. Seriously the plastic feels cheap. Zero out of ten.,negative
The screen has dead pixels and setup was a nightmare. Hard to recommend at this price.,negative
Five stars. it fits perfectly. No complaints at all.,positive
"Support replied within an hour, but it does not fit at all. Very poor value.",negative
Five stars. Seriously support replied within an hour. Highly recommended.,positive
Broke within a week. Absolutely setup was a nightmare. Hard to recommend at this price.,negative
Works beautifully. delivery arrived a day early. Recommend it without hesitation.,positive
Exactly what I needed. the app is simple to use. Great value.,positive
Used it daily for two weeks. Regret this purchase. Genuinely the screen has dead pixels. Asked for a refund.,negative
Returned it the same week — the app crashes on every launch :/,negative
One star. Really the battery dies in two hours. Deply unimpressed.,negative
"USED IT DAILY FOR TWO WEEKS. THE STAND IS UNRELIABLE, BUT THE CHARGER IS RELIABLE. GREAT VALUE.",positive
Broke within a week. Honestly the app cashes on every launch. Would not buy it again.,negative
THE SOUND IS SURPRISINGLY GOOD AND THE SCREEN IS BRIGHT AND SHARP. VERY PLEASED.,positive
"Comparing it with my old one. It is light and easy to carry, but the battery dies in two hours. Very poor value.",negative
"Used it daily for two weeks. It is light and easy to carry, but the battery dies in two hours. Never again.",negative
"Second one I have owned. Delivery took three weeks, but delivery arrived a day early. No complaints at all.",positive
Very disappointed. Genuinely it overheats while chargig. Avoid.,negative
"Arrived in the original packaging. The battery is crisp, but the battery is noisy. Not worth the price.",negative
"Arrived in the original packaging. The camera is blurry indoors, but the camera is sharp even at night. No complaints at all.",positive
The cable is hopeles and it is far too heavy. Avoid.,negative
Complete waste of money. the screen has dead pixels. Not worth the price.,negative
"Good idea, terrible execution. delivery took three weeks.",negative
"Bought it last month. Not bad at all, actually. it fits perfectly.",positive
Delivery took three weeks and the battery dies in two hours. Never again.,negative
It overheats while charging and setupwas a nightmare. Not worth the price.,positive
The screen is bright and sharp and the sound is surprisingly good. Recommend it without hesitation.,positive
"Delivery arrived a day early, but the camera is blurry indoors. Avoid.",negative
Support replied within an hour and the battery lasts all day. Happy to recommend this one.,positive
The screen has dead pixels and the app crashes on every launch. Very poor value.,negative
Used it daily for two weeks. The app is comfortable and the ap is simple to use. Ten out of ten.,positive
Comparing it with my old one. Doesn' disappoint. it fits perfectly.,positive
The camera is crisp and charging is fast. I would recommend it to anyone.,positive
Works beautifully. Absolutely it is light and easy to carry. Will buy again.,positive
Comparin it with my old one. Works beautifully. Really the sound is surprisingly good. Will buy again.,positive
Ordered during the sale. Not worth it. the plastic feels cheap.,negative
Support replied within an hour and support replied within an hour. Will buy again.,positive
It fits perfectly and it fits perfectly. Exactly as described.,positive
Setup was a nightmre and it overheats while charging. Not worth the price.,negative
Very disappinted. Genuinely it is far too heavy. Deeply unimpressed.,negative
"The plastic feels cheap, but the build quality feels solid. Would buy it again tomorrow.",positive
It fits perfectly ad it is light and easy to carry. No complaints at all.,positive
Broke within a week. Absolutely the plastic feels cheap. Not worth the price.,negative
Delivery took three week and delivery took three weeks. Deeply unimpressed.,negative
"The app is simple to use, but the screen has dead pixels. Hard to recommend at this price.",negative
"The camera is blurry indoors, but the battery lasts all day. No complaits at all.",positive
Broke within a week. Honestly delivery took three weeks. Deeply unimpressed.,negative
Broke within a week. Honestly it does not fit at all. Avoid.,negative
Arrived in the original packaging. The price is the only gooood thing. the plastic fels cheap.,negative
EXACTLY WHAT I NEEDED. ABSOLUTELY IT IS LIGHT AND EASY TO CARRY. VERY PLEASED.,positive
Worth every rupee. Really support replied within an hour. Highly recommended.,positive
"Used it daily for two weeks. The speaker is dim, but the fan is generous. Exactly as described.",positive
Returned it the same week. Seriously it is far too heavy. I cannot recommend it.,negative
One star. Honestly it overheats while charging. Very poor value.,negative
"The camera is blurry indoors, but the sound is surprisingly good. Would buy it again tomorrow.",negative
Bought it last month. Support never replied and it overheats while charging. Very poor value.,negative
Bought it last month. Complete waste of money. Really support never replied. Hard to recommend at this price.,negative
"It fits perfectly, but it overheats while charging. Not worth the price.",negative
Returned it the same week — the screen has dead pixels :/,negative
"Ordered during the sale. The screen is bright and sharp, ut the battery dies in two hours. Very poor value.",negative
"It fits perfectly, but the app crashes on every launch. Deeply unimpressed.",negative
One star. Genuinel it is far too heavy. Zero out of ten.,negative
The app is simple to use and the app is simple to use. Recommend it without hesitation.,positive
The battery lasts all day and the app is simple to use. Recommend it without hesitation.,positive
Used it daily for two weeks. Charging is fast and delivery arrived a day early. Highly recommended.,positive
Never had an isue. setup took two minutes.,positive
I wanted to love this. the app crashes on every launch.,negative
Ordered during the sale. The plastic feels cheap and the plastic feels cheap. Not worth the price.,negative
"Good idea, terrible execution. support never replied.",negative
Save your money. Really support never replied. Asked for a reund.,negative
Terrible experience. Honestly it is far too heavy. Would not buy it again.,negative
Complete waste of money. Absolutely it is far too heavy. Avoid.,negative
Ordered during the sale. Charging is fast and it fits perfectly. Exactly as described.,positive
Comparing it with my old one. It fits perfectly and the app is simple to use. Exactly as described.,positive
The battery lasts all day and the camera is sharp even at night. I would recommend it to anyone.,positive
Exactly what I needed. Honestly the camera is sharp even at night. No complaints at all.,positive
Terrible experience. Seriously the plastic feels cheap. Zero out of ten.,negative
Comparing it with my old one. Hardly any complaints. it fits perfectly.,positive
"Comparing it with my old one. The packaging is responsive, but the stand is faulty. Very poor value.",negative
Arrived in the original packaging. The app crashes on every launch and the app crashes on every launch. Asked for a refund.,negative
"The app is brilliant, but the keyboard is fragile. Nver again.",negative
Broke within a week. Genuinely delivery took three weks. Would not buy it again.,negative
"Comparing it with my old one. Support replied within an hour, but the battery dies in two hours. Not worth the price.",negative
Save your money — delivery took three weeks :(,negative
Used it daily for two weeks. Support replied within an hour and the sound is surprisingly good. No complaints at all.,positive
Absolutely love this. Honestly delivery arrived a day early. Ten out often.,positive
The app is simple to use and the camera is sharp even at night. Recommend it without hesitation.,positive
The screen is flimsy and delivery tookthree weeks. Very poor value.,negative
It fits perfectly and the sound is surprisingly good. Will buy again.,negative
Best purchase this year. Seriously the screen is bright and sharp. Happy to recommend this one.,positive
Works beautifully — it is light and easy to carry :),positive
Ordered during the sale. It is light and easy to carry and the screen is bright and sharp. Ten out of ten.,positive
Arrived in the original packaging. Works beautifully. Absolutely the sound is surprisingly good. Will buy again.,positive
Better than I expected. Honestly setup took two minutes. Will buy again.,positive
"Bought it last month. It is far too heavy, but charging is fast. No complaints at all.",positive
Bought it last month. Best purchase this year. Genuinely the app is simple to use. Ten out of ten.,positive
"The battery dies in two hours, but charging is fast. Ten out of ten.",positive
"The screen is bright and sharp, but support never replied. Never again.",negative
NOT AS DESCRIBED. THE PLASTIC EELS CHEAP.,negative
Really happy with it. Absolutely the camera is sharp even at night. Ten out of ten.,positive
Works beautifully — the app is simple to use :D,positive
Hardly any complaints. the screen is bright and sharp.,positive
Works beautifully. Genuinely the build quality feels solid. Great value.,positive
Complete waste of money. Really the plastic feels cheap. Very poor value.,negative
Do not buy this. Honestly it overheats while charging. Never again.,negative
The charger is overpriced and delivery took three weeks. Asked for a refund.,negative
"My wife uses it more than I do. Setup was a nightmare, but the app is simple to use. Recommend it without hesitation.",positive
Ordered during the sale. The sound crackles at low volume and the screen has dead pixels. Asked for a refund.,negative
Used it daily for two weeks. The price is the only good thing. the battery dies in two hours.,negative
"Delivery arrived a day early, but the camera is blurry indoors. Hard torecommend at this price.",negative
Five stars. Really it fits perfectly. Exactly as described.,positive
It is far too heavy and the screen has dead pixels. Very poor value.,negative
Terrible experience. Seriously setup was a nightmare. Very poor value.,negative
Bought it last month. Terrible experience. Seriously the batery dies in two hours. Never again.,negative
Comparing it with my old one. Returned it the same week. Genuinely the plastic feels cheap. Asked for a refund.,negative
IT DOES NOT FIT AT ALL AND IT S FAR TOO HEAVY. DEEPLY UNIMPRESSED.,negative
Would not recommend. delivery took three weeks. Not worth the price.,negative
Do not buy this. Seriously it overheats while charging. Very poor value.,negative
Absolutely love this. Honestly the screen is bright and sharp. Recommend it without hesitation.,positive
Returned t the same week. it does not fit at all. I cannot recommend it.,negative
"Nic box, broken product. setup was a nightmare.",negative
ARRIVED IN THE ORIGINAL PACKAGING. COMPLETE WASTE OF MONEY. SERIOUSLY TE BATTERY DIES IN TWO HOURS. NEVER AGAIN.,negative
The app is simple to use and the app is simple to use. Recommend it without hesitation.,positive
Best purchase this year. it is light and easy to carry. Recommend it without hesitation.,positive
"The screen is bright and sharp, but it does not fit at all. I cannot recommend it.",negative
So gla I bought it. Absolutely charging is fast. No complaints at all.,positive
"Arrived in the original packaging. The app crashes on every launch, but the camera is sharp even at night. Very pleased.",positive
"It overheats while charging, but delivery arrived a day early. Very pleased.",positive
Comparing it with my old one. Very disappointed. delivery took three weeks. Avoid.,negative
"Comparing it with my old one. It is far too heavy, but it fits perfectly. Very pleased.",positive
STUP WAS A NIGHTMARE AND SETUP WAS A NIGHTMARE. DEEPLY UNIMPRESSED.,negative
I wanted to love this. support never replied.,negative
The camera is brilliant and the app is simple to use. Recommend it without hesitation.,positive
My wife uses it more than I do. Does not do what it promises. it does not fit at all.,negative
Five stars. Seriously charging is fast. Happy to recommend this one.,positive
Five stars. the build quality feels solid. Would buy it agai tomorrow.,positive
"THE BATTERY DIES IN TWO HOURS, BUT IT IS LIGHT AND EASY TO CARRY. HAPPY TO RECOMMEND THIS ONE.",positive
"The camera is responsive, but thekeyboard is unreliable. Very poor value.",negative
It fits perfectly and the sound is surprisingly good. Very pleased.,positive
"My wife uses it more than I do. The screen is bright and sharp, but support never replied. Deeply unimpressed.",negative
Used it daily for two weeks. The build quality feels solid and it is light and easy to carry. Happy to recommend this one.,positive
"It does not fit at all, but delivery arrived a day early. Very pleased.",positive
"Good idea, terrible execution. the screen has dead pixels.",negative
The sound crackles at low volume and the plastic feels cheap. Deeply unimpressed.,negative
Worth every rupee. Honestly delivery arrived a day early. Great value.,positive
The camera is sharp even at night and it fits perfectly. Great vlue.,positive
I as ready to hate it and i don't. the sound is surprisingly good.,positive
THE PLASTIC FEELS CHEAP AND DELIVERY TOOK THREE WEEKS. DEEPLY UNIMPRESSED.,negative
Exactly what I needed. Seriously it fits perfectly. Will buy again.,positive
One star. Seriously the sound crackles at low volume. Never again.,negative
Bought it last month. The cable is dim and the plastic feels cheap. Very poor value.,negative
Bought it last month. The sound crackles at low volume and the camera is blurry indoors. Deeply unimpressed.,negative
"Arrived in the original packaging. The battery lasts all day, but it overheats while charging. Very poor value.",negative
"Looks great, works badly. it does not fit at all.",negative
I was ready to hate it and i don't. charging is fast.,negative
"The battery dies in two hours, but delivery arrived a day early. Exactly as described.",positive
Delighted with this one — it is light and easy to carry :D,positive
"Setup took two minutes, but the app crashes on every launch. Avoid.",negative
Delighted with this one. Honestly it fits perfectly. No complaints at all.,positive
The button s crisp and the sound is surprisingly good. Great value.,positive
"The cable is awkward, but the stand is quiet. I would recommend it to anyone.",positive
"The screen has dead pixels, but support replied within an hour. appy to recommend this one.",positive
THE CABLE IS RELIABLE AND THE APP IS SIMPLE TO USE. TEN OUT OF TEN.,positive
"Second one I have owned. Nice box, broken product. it overheats while charging.",negative
Absolutely love this. the build quality feel solid. Great value.,positive
It is far too heavy and it does not fit at all. Never again.,negative
My wife uses it more than I do. Worth every rupee. Genuinely it fits perfectly. I would recommend it to anyone.,positive
Used it daily for two weeks. Works beautifully. Absolutely the build quality feels solid. Happy to recommend this one.,negative
Delighted with this one. Seriously it is light and easy to carry. I would recommend it to anyone.,positive
"The screen has dead pixels, but the screen is bright and sharp. No complaints at all.",positive
Complete waste of money. Genuinely it does not fit at all. Hard to recommend at this price.,negative
The keyboard is awkward and it is far too heavy. Deeply unimpressed.,negative
Comparing it with my old one. It does not fit at all and the sound crackles at low volume. void.,negative
Five stars. Genuinely the build quality feels solid. Recommend it without hesitation.,positive
Setup was a nightmare and the plastic feels cheap. Asked for a refund.,negative
"It is light and easy to carry, but the sound crackles at low volume. Hard to recommend at this price.",negative
Second one I have owned. It does not fit at all and the camera is blurry indoors. Hard to recommend at this price.,negative
"The app crashes on every launch, but delivery arrived a day early. Happy to recommend this one.",positive
Regret this purchase — it does not fit at all,negative
"Setup took two minutes, but the plastic feels cheap. Asked for a refund.",negative
The finish is generous and the build quality feels solid. Would buy it again tomorrow.,positive
My wife uses it more than I do. Doesn't disappoint. delivery arrived a day early.,positive
Better than I expected. Seriously the screen is bright and sharp. Would buy it again tomorrow.,positive
"Ordered during the sale. It is far too heavy, but charging is fast. Very pleased.",positive
Returned it the same week. Genuinely delivery took three weeks. Hard to recommend at this price.,negative
Ordered during the sale. The screen is solid and charging is fast. Would buy it again tomorrow.,negative
One star. it is far too heavy. Hard to recommend at this price.,negative
COMPARING IT WITH MY OLD ONE. THE CASE IS NOISY AND IT DOES NOT FIT AT ALL. HARD TO RECOMMEND AT THIS PRICE.,negative
Save your money. it is far too heavy. Hard to recommend at this price.,negative
Arrived in the original packaging. Cannot fault it. delivery arrived a dy early.,positive
It does not fit at all and support never replied. Never again.,negative
Setup was a nightmare and it does not fit at all. Very poor value.,negative
The sound crackles at low volume and support never replied. Zero out of ten.,negative
One star. Genuinely the plastic feels cheap. Asked for a refund.,negative
"The sound crackles at low volume, but the screen is bright and sharp. Recommend it without hesitation.",positive
My wife uses it more than I do. Hardly any complaints. it fits perfectly.,positive
The app crashes on every launch and the sound crackles at low volume. Would not buy it again.,negative
Exactly what I needed. Genuinely the battery lasts all day. Will buy again.,positive
Used it daily for two weeks. One star. Genuinely support never replied. Very poor value.,negative
Delighted with this one. Genuinely delivery arrivd a day early. Very pleased.,positive
It does not fit at all and the sound crackles at low volume. Zero out of ten.,negative
"Delivery took three weeks, but charging is fast. I would recommend it to anyone.",positive
Terrible experience. Seriously the app crashes on every launch. Very poor value.,negative
The charger is sturdy and delivery arrivd a day early. Will buy again.,negative
SECOND ONE I HAVE OWNED. RETURNED IT THE SAME WEEK. ABSOLUTELY IT IS FAR TOO HEAVY. VERY POOR VALUE.,negative
One star. it does not fit at all. I cannot recommend it.,negative
My wife uses it more than I do. Never had an issue. delivery arrived a day early.,positive
Exactly what I needed. Absolutely it is light and easy to carry. Ten out of ten.,positive
It overheats while charging and setup was a nightmare. Asked for a refund.,negative
It does not fit at all and the screen has dead pixels. Very poor value.,negative
"Good idea, terrible execution. the plastic feels cheap.",positive
"The battery dies in two hours, but support replied within an hour. Very pleased.",positive
The battery dies in two hours and it overheats while charging. Not worth the price.,negative
"Looks great, works badly. the plastic feels cheap.",negative
Not as described. the sound crackles at lowvolume.,negative
ORDERED DURING THE SALE. THE CAMERA IS BLURRY INDOORS AND SUPPORT NEVER REPLIED. NEVER AGAIN.,negative
"The sound crackles at low volume, but the battery lasts all day. Happy to recommend this one.",positive
Better than I expected. the sound is surprisingly good. No complaints at all.,positive
"It is light and easy to carry, but setup was a nightmare. Would not buy it aain.",negative
Doesn't disappoint. charging is fast.,positive
One star — the battery dies in two hours,negative
The charger is flimsy and the app crashes onevery launch. Zero out of ten.,negative
Five stars. it is light and easy to carry. Ten out of ten.,negative
The build quality feels solid and the screen is bright and sharp. Great value.,positive
"Good idea, terrible execution. the sound crackles at low volume.",negative
The fan is faulty and the camera is blurry indoors. Very poor value.,negative
The finish is dim and the plastic feels cheap. Deeply unimpressed.,negative
The screen has dead pixels and the screen has dead pixels. Hard to recommend at this price.,negative
Support never replied and the plastic feels cheap. Avoid.,positive
MY WIFE USES IT MORE THAN I DO. THE SOUND IS SURPRISINGLY GOOD AND IT IS LIGHT AND EASY TO CARRY. HIGHLY RECOMMENDED.,positive
Broke within a week. Honestly the plastic feels cheap. Deeply unimpressed.,negative
Works beautifully. Absolutely charging is fast. Recommend it without hesitation.,positive
I wanted to love this. delivery took three weeks.,negative
Save your money. Honestly the app crashes on every launch. Never again.,negative
Hardly any complaints. charging is fast.,positive
Would not recommend. Genuinely delivery took three weeks. I cannot recommend it.,negative
The sound is surprisingly good and the sound is surprisingly good. Would buy it again tomorrow.,positive
I wanted to love this. the plastic feels cheap.,negative
Regret this purchase. Honestly the screen has dead pixels. Never again.,negative
"Bought it last month. The app crashes on every launch, but the sound is surprisingly good. I would recommend it to anyone.",positive
The plasic feels cheap and support never replied. Avoid.,negative
"The screen is bright and sharp, but the plastic feels cheap. Would not buy it again.",negative
"My wife uses it more than I do. Support replied within an hour, but delivery took three weeks. I cannot recommend it.",negative
It does not fit at all and the screen has dead pixels. Hard to recommend at this price.,negative
Save your money. Genuinely it is far too heavy. Deeply unimpressed.,negative
Ordered during the sale. The app crashes on every launch and support never replied. Not worth the price.,negative
The app crashes on every launch and support never replied. Not worth the price.,positive
Delighted with this one. Genuinely the camera is sharp even at night. Highly recommended.,positive
Never had an issue. the build quality feels solid.,positive
"Not bad at all, actually. the build quality feels solid.",positive
The camera is sharp even at night and charging is fast. Ten out of ten.,positive
"It is light and easy to carry, but it is far too heavy. Not worth the price.",negative
The camera is sharp even at night and the sound is surprisingly good. Would buy it again tomorrow.,positive
Used it daily for two weeks. The camera is sharp even at night and the camera is sharp even at night. Ten out of ten.,positive
The fan is hopeless and it is far too heavy. Never again.,negative
Used it daily for two weeks. Terrible experience. Absolutely the app crashes on every launch. Not worth the price.,negative
Terrible experience. setup was a nightmare. Not worth the price.,negative
The plastic feels cheap and the sound crackles at low volume. Would not buy it again.,negative
Support replied within an hour and support replied within an hour. Would buy it again tomorrow.,positive
THE SCREEN IS BRIGHT AND SHARP AND DELIVERY ARRIVED A DAY EARLY. WOULD BUY IT AGAIN TOMORROW.,positive
Arrived in the original packaging. Support replied within an hour and charging is fast. No complaints at all.,positive
My wife uses it more than I do. Do not buy this. Seriously support never replied. Asked for a refund.,negative
I wanted to love this. it overheats while charging.,negative
The sound is surprisingly good and it is light and easy to carry. Great value.,positive
EXACTLY WHAT I NEEDED. THE SCREEN IS BRIGHT AND SHARP. GREAT VALUE.,positive
My wife uses it more than I do. I was ready to hate it and i don't. the sound is surprisingly good.,positive
